model,factor,view,marker_group,gene,weight_scaled
MOFA+,Factor 5,rna,ABC marker,BATF,0.38264772194474816
MOFA+,Factor 5,rna,GCB marker,MME,-0.6060412206559627
MOFA+,Factor 5,rna,GCB marker,MYBL1,-0.5990739799146504
MOFA+,Factor 5,rna,GCB marker,SERPINA9,-1.0
MOFA+,Factor 5,rna,GCB marker,DENND3,-0.2853890511739453
MOFA+,Factor 5,protein,ABC marker,IRF4,0.46461048488931816
MOFA+,Factor 5,protein,ABC marker,FOXP1,0.05046158549848142
MOFA+,Factor 5,protein,ABC marker,ENTPD1,0.2574179691594318
MOFA+,Factor 5,protein,ABC marker,BLNK,0.015291491031705637
MOFA+,Factor 5,protein,ABC marker,IL16,0.13208769430326192
MOFA+,Factor 5,protein,ABC marker,PTPN1,0.39128314214628857
MOFA+,Factor 5,protein,ABC marker,TCF4,0.19665422094712523
MOFA+,Factor 5,protein,GCB marker,MME,0.004289893622776615
MOFA+,Factor 5,protein,GCB marker,LRMP,-0.6681519273669466
MOFA+,Factor 5,protein,GCB marker,ITPKB,-0.3092268781820462
MOFA-Flex,Factor 10,rna,ABC marker,BATF,-0.17080133580497894
MOFA-Flex,Factor 10,rna,GCB marker,MME,-0.19311886159665598
MOFA-Flex,Factor 10,rna,GCB marker,MYBL1,-0.6808428875840754
MOFA-Flex,Factor 10,rna,GCB marker,SERPINA9,-0.8430960839756522
MOFA-Flex,Factor 10,rna,GCB marker,DENND3,-0.06008592497843574
MOFA-Flex,Factor 10,protein,ABC marker,IRF4,0.510351309753829
MOFA-Flex,Factor 10,protein,ABC marker,FOXP1,0.08669638388730674
MOFA-Flex,Factor 10,protein,ABC marker,ENTPD1,0.13296140855047384
MOFA-Flex,Factor 10,protein,ABC marker,BLNK,-0.11946126889331056
MOFA-Flex,Factor 10,protein,ABC marker,IL16,-0.2525012885892899
MOFA-Flex,Factor 10,protein,ABC marker,PTPN1,0.11073873600188897
MOFA-Flex,Factor 10,protein,ABC marker,TCF4,0.12568074228502155
MOFA-Flex,Factor 10,protein,GCB marker,MME,-0.07396332631688066
MOFA-Flex,Factor 10,protein,GCB marker,LRMP,-0.478127744551211
MOFA-Flex,Factor 10,protein,GCB marker,ITPKB,-0.2012956873292079
