model,factor,adjustment,HR_per_SD,CI_low,CI_high,p,n,fdr,stable_factor
MOFA+,Factor 1,treatment strata,0.9240510664336111,0.787369505690709,1.0844595418107386,0.3334535374563785,318,0.7145432945493825,True
MOFA+,Factor 1,treatment strata + cell of origin,0.9202815349178097,0.7755976079602908,1.0919555383080044,0.3411187700930238,302,0.864344658671144,True
MOFA+,Factor 2,treatment strata,0.9818774667496869,0.8452076713475555,1.1406467219750829,0.8109832275680331,318,0.9504257252294971,True
MOFA+,Factor 2,treatment strata + cell of origin,1.0395661081223586,0.8915666912709557,1.2121333196242443,0.6204467488911287,302,0.864344658671144,True
MOFA+,Factor 3,treatment strata,0.9662412374882087,0.8275240078587659,1.128211532422497,0.6640518443840282,318,0.9504257252294971,True
MOFA+,Factor 3,treatment strata + cell of origin,0.9569696594018768,0.8102977467112872,1.1301906400858408,0.6043399178155542,302,0.864344658671144,True
MOFA+,Factor 4,treatment strata,0.8339738028052961,0.7146040346174326,0.9732834829821153,0.021245280917552647,318,0.15933960688164486,True
MOFA+,Factor 4,treatment strata + cell of origin,0.8273138112450229,0.6993630356002943,0.9786736036017017,0.027002735604434756,302,0.40504103406652137,True
MOFA+,Factor 5,treatment strata,1.2035184462244475,1.0357811151037817,1.3984196364280859,0.015559662490962863,318,0.15933960688164486,True
MOFA+,Factor 5,treatment strata + cell of origin,1.024131877455705,0.8295244665436592,1.2643944147797417,0.8244958221791199,302,0.9513413332835998,True
MOFA+,Factor 6,treatment strata,0.9703622584980939,0.841183219313683,1.1193790973217113,0.6797757093305887,318,0.9504257252294971,True
MOFA+,Factor 6,treatment strata + cell of origin,0.9953891240879237,0.8552899705673751,1.1584369540721442,0.9523833720767558,302,0.9700653232097147,True
MOFA+,Factor 7,treatment strata,1.0108897808178794,0.8705371066352033,1.1738708679654761,0.8870640102141973,318,0.9504257252294971,True
MOFA+,Factor 7,treatment strata + cell of origin,0.9624479903638539,0.8161180903832247,1.1350148282100392,0.6491945177892995,302,0.864344658671144,True
MOFA+,Factor 8,treatment strata,1.0567685274526188,0.9027847787825996,1.2370165590522262,0.49196535474663206,318,0.9224350401499352,True
MOFA+,Factor 8,treatment strata + cell of origin,1.045948801091646,0.884699647848514,1.2365879167755442,0.5989591948196812,302,0.864344658671144,True
MOFA+,Factor 9,treatment strata,0.9774521611775596,0.8494760621850701,1.1247082406690962,0.750080587990315,318,0.9504257252294971,True
MOFA+,Factor 9,treatment strata + cell of origin,1.0028175794506944,0.8657652387583022,1.1615655753257812,0.9700653232097147,302,0.9700653232097147,True
MOFA+,Factor 10,treatment strata,0.8804116410425974,0.7530281341786207,1.0293435563716367,0.11019943657614534,318,0.47285558593995664,True
MOFA+,Factor 10,treatment strata + cell of origin,0.9118036959364153,0.7685367570080193,1.0817777709942789,0.2897428220639977,302,0.864344658671144,True
MOFA+,Factor 11,treatment strata,1.0031128783657264,0.8608169534018143,1.1689307962240836,0.9682364009591411,318,0.9682364009591411,True
MOFA+,Factor 11,treatment strata + cell of origin,0.9455006155789764,0.8025641391088653,1.1138940434752702,0.502760566649034,302,0.864344658671144,True
MOFA+,Factor 12,treatment strata,1.127499064828238,0.9668056938861234,1.3149013801094636,0.12609482291732177,318,0.47285558593995664,True
MOFA+,Factor 12,treatment strata + cell of origin,1.1368808402944985,0.9692005296434489,1.3335713358557606,0.11508420732442792,302,0.8631315549332095,True
MOFA+,Factor 13,treatment strata,1.0162305503760305,0.8740211731585525,1.1815783910422817,0.8341917414259522,318,0.9504257252294971,True
MOFA+,Factor 13,treatment strata + cell of origin,1.0319402428505406,0.8835206876601364,1.2052922808572286,0.6914757269369152,302,0.864344658671144,True
MOFA+,Factor 14,treatment strata,1.1014964523452986,0.9457158907947444,1.2829375569756698,0.21402135528897814,318,0.6420640658669344,True
MOFA+,Factor 14,treatment strata + cell of origin,1.049380935926512,0.8976487667542787,1.2267608328229829,0.5452393347474741,302,0.864344658671144,True
MOFA+,Factor 15,treatment strata,1.0835459813504373,0.9291604504624295,1.2635835857158622,0.30624576853364127,318,0.7145432945493825,True
MOFA+,Factor 15,treatment strata + cell of origin,1.071388427185028,0.9085462350194411,1.2634174438920502,0.41234278363750987,302,0.864344658671144,True
MOFA-Flex,Factor 1,treatment strata,1.0782296134914522,0.9276867069202143,1.2532022834190661,0.3262528689159595,318,0.6272259882745788,False
MOFA-Flex,Factor 1,treatment strata + cell of origin,1.0803148545466574,0.9227179839574183,1.264828696573908,0.33693342549601757,302,0.8012058873937337,False
MOFA-Flex,Factor 2,treatment strata,0.9484559243712013,0.8140087701484012,1.1051092733445984,0.4974349260170159,318,0.6272259882745788,False
MOFA-Flex,Factor 2,treatment strata + cell of origin,0.8982418644508078,0.7538435248642893,1.0702996317403064,0.23006461296673408,302,0.8012058873937337,False
MOFA-Flex,Factor 3,treatment strata,1.0500624792718378,0.8997860043076442,1.2254371651656855,0.5353106605349679,318,0.6272259882745788,False
MOFA-Flex,Factor 3,treatment strata + cell of origin,1.0551621306178045,0.8957694209630783,1.242917089861003,0.5204653572906734,302,0.8012058873937337,False
MOFA-Flex,Factor 4,treatment strata,1.0049113253229116,0.8691829429075973,1.1618345481839571,0.9472353173311617,318,0.9714689792657295,False
MOFA-Flex,Factor 4,treatment strata + cell of origin,1.0869852893788823,0.9184649495673993,1.2864258128550266,0.33182756659762735,302,0.8012058873937337,False
MOFA-Flex,Factor 5,treatment strata,1.0648074451505458,0.9132320252067451,1.2415408833164279,0.4228481174241959,318,0.6272259882745788,False
MOFA-Flex,Factor 5,treatment strata + cell of origin,1.043986954160192,0.8891994309398754,1.2257191385116515,0.5990646766225995,302,0.8012058873937337,False
MOFA-Flex,Factor 6,treatment strata,1.0604127902297316,0.9141806620328701,1.2300361759811251,0.43845292897433796,318,0.6272259882745788,False
MOFA-Flex,Factor 6,treatment strata + cell of origin,0.972405671971478,0.8284847838353102,1.141327890785097,0.732043619703721,302,0.8012058873937337,False
MOFA-Flex,Factor 7,treatment strata,0.9358097594150218,0.8071288184079665,1.085006365580859,0.37939066522811304,318,0.6272259882745788,False
MOFA-Flex,Factor 7,treatment strata + cell of origin,1.0007297214990358,0.8575558391853574,1.167807307385235,0.992611679030222,302,0.992611679030222,False
MOFA-Flex,Factor 8,treatment strata,0.8889644779157255,0.7549974084430207,1.046702722630099,0.15786377289419562,318,0.6272259882745788,False
MOFA-Flex,Factor 8,treatment strata + cell of origin,0.9415742373154213,0.7915789703487793,1.1199919118435997,0.4965041976982051,302,0.8012058873937337,False
MOFA-Flex,Factor 9,treatment strata,1.0660928882927383,0.9156639326979361,1.2412349180551216,0.4095463650364243,318,0.6272259882745788,False
MOFA-Flex,Factor 9,treatment strata + cell of origin,1.1601483583580376,0.9738862571141996,1.3820343018178782,0.09618156844962542,302,0.7213617633721906,False
MOFA-Flex,Factor 10,treatment strata,1.2445723209443984,1.0705734209960727,1.4468510348592047,0.004405882668391334,318,0.06608824002587002,False
MOFA-Flex,Factor 10,treatment strata + cell of origin,1.1533414772900983,0.9786450771020233,1.3592226583070361,0.08867850561409445,302,0.7213617633721906,False
MOFA-Flex,Factor 11,treatment strata,1.1691082329862978,1.010007255903155,1.3532715259695138,0.03631195214704017,318,0.2723396411028013,False
MOFA-Flex,Factor 11,treatment strata + cell of origin,1.0943253126199255,0.9254170433018807,1.2940629292582038,0.29196846113759534,302,0.8012058873937337,False
MOFA-Flex,Factor 12,treatment strata,1.0491669121868237,0.8986283501311872,1.2249237512559448,0.5435958565046349,318,0.6272259882745788,False
MOFA-Flex,Factor 12,treatment strata + cell of origin,1.0327505100235044,0.8802547503958489,1.2116647089654131,0.6925968017830633,302,0.8012058873937337,False
MOFA-Flex,Factor 13,treatment strata,1.0026966887449058,0.8651187349276281,1.1621533658083427,0.9714689792657295,318,0.9714689792657295,False
MOFA-Flex,Factor 13,treatment strata + cell of origin,1.0400829700859973,0.89284651468199,1.2115997171677488,0.6138109517984016,302,0.8012058873937337,False
MOFA-Flex,Factor 14,treatment strata,0.932392332967383,0.8052981667370563,1.0795448176653042,0.3491303019251474,318,0.6272259882745788,False
MOFA-Flex,Factor 14,treatment strata + cell of origin,0.9653362882839782,0.8289344189658612,1.124183202140948,0.6498947530724999,302,0.8012058873937337,False
MOFA-Flex,Factor 15,treatment strata,0.9241020392568633,0.7959990359834496,1.0728211220804151,0.2998532349533295,318,0.6272259882745788,False
MOFA-Flex,Factor 15,treatment strata + cell of origin,0.9740624094031557,0.8298855950541191,1.1432871989426534,0.7477921615674847,302,0.8012058873937337,False
