model,factor,annotation,p,effect,effect_measure,n,fdr,stable_factor
MOFA+,Factor 1,cell_of_origin,0.0035254293177901254,0.6128246753246753,AUC,242,0.011822773854047766,True
MOFA+,Factor 1,LymphGen,0.5890641055216956,0.0,epsilon^2,294,0.7229423113220811,True
MOFA+,Factor 1,genetic_cluster,0.012401435710053893,0.03084890226829569,epsilon^2,316,0.03416722083382195,True
MOFA+,Factor 1,ecotype,5.1467037375819656e-23,0.5167648033750333,epsilon^2,223,1.7370125114339134e-21,True
MOFA+,Factor 1,histology,0.7386558298816139,0.0,epsilon^2,312,0.8379708994455284,True
MOFA+,Factor 1,MHG,0.8364435861551385,0.5177015250544662,AUC,318,0.9033590730475496,True
MOFA+,Factor 1,double_triple_hit,0.6013730500220726,0.5416197975253094,AUC,268,0.7313996554322505,True
MOFA+,Factor 1,stromal_rank,5.7790282440043556e-05,0.22354320885819132,|Spearman rho|,318,0.0003000649280540723,True
MOFA+,Factor 1,proliferation_rank,8.922849296840532e-11,0.3532173007613333,|Spearman rho|,318,1.0038205458945599e-09,True
MOFA+,Factor 2,cell_of_origin,0.029188493353022565,0.5843417945690673,AUC,242,0.06677408824681691,True
MOFA+,Factor 2,LymphGen,0.021374631668340666,0.02855274488191068,epsilon^2,294,0.05152812991474982,True
MOFA+,Factor 2,genetic_cluster,0.011494350965504394,0.031445707454067745,epsilon^2,316,0.03232786209048111,True
MOFA+,Factor 2,ecotype,0.033069094872180856,0.035686867571337606,epsilon^2,223,0.07318570176630189,True
MOFA+,Factor 2,histology,0.6970459141551539,0.0,epsilon^2,312,0.811217227680567,True
MOFA+,Factor 2,MHG,0.5721266713314316,0.548202614379085,AUC,318,0.7229423113220811,True
MOFA+,Factor 2,double_triple_hit,0.19916616869789683,0.6020809898762656,AUC,268,0.31632273852018905,True
MOFA+,Factor 2,stromal_rank,0.050952468709879586,0.10955772910356339,|Spearman rho|,318,0.1042209587247537,True
MOFA+,Factor 2,proliferation_rank,0.029677372554140845,0.12195736962245522,|Spearman rho|,318,0.06677408824681691,True
MOFA+,Factor 3,cell_of_origin,0.128398420038142,0.5588105076741441,AUC,242,0.23424036088039418,True
MOFA+,Factor 3,LymphGen,0.006828176545665308,0.0382138002712789,epsilon^2,294,0.020039213775322102,True
MOFA+,Factor 3,genetic_cluster,0.07945011186467968,0.01566123171692711,epsilon^2,316,0.15106711410889798,True
MOFA+,Factor 3,ecotype,8.011252730629976e-09,0.1983523293514572,epsilon^2,223,6.361877168441452e-08,True
MOFA+,Factor 3,histology,0.1935767748749377,0.004155864568446169,epsilon^2,312,0.31485379045923606,True
MOFA+,Factor 3,MHG,0.7991440265716055,0.5217864923747277,AUC,318,0.8867821084705368,True
MOFA+,Factor 3,double_triple_hit,0.13270313736510267,0.6195163104611924,AUC,268,0.2388656472571848,True
MOFA+,Factor 3,stromal_rank,1.2674417553599494e-20,0.4901558127702247,|Spearman rho|,318,3.4220927394718637e-19,True
MOFA+,Factor 3,proliferation_rank,0.01838431541148641,0.1321580298751903,|Spearman rho|,318,0.04772851116443587,True
MOFA+,Factor 4,cell_of_origin,0.0005882062023433205,0.6328955135773318,AUC,242,0.0026469279105449423,True
MOFA+,Factor 4,LymphGen,0.003590620207525618,0.043521406823131374,epsilon^2,294,0.011822773854047766,True
MOFA+,Factor 4,genetic_cluster,4.592564745799425e-08,0.12107716605178395,epsilon^2,316,3.2631381088574857e-07,True
MOFA+,Factor 4,ecotype,2.8397499972128507e-09,0.20875504246511464,epsilon^2,223,2.5557749974915658e-08,True
MOFA+,Factor 4,histology,0.00018233192342306288,0.04925360373357774,epsilon^2,312,0.0008791003450754818,True
MOFA+,Factor 4,MHG,0.0009726744684383989,0.7807734204793029,AUC,318,0.003862089801152467,True
MOFA+,Factor 4,double_triple_hit,0.9985869958229578,0.5002812148481439,AUC,268,0.9985869958229578,True
MOFA+,Factor 4,stromal_rank,0.0007011860739631821,0.18907956036919696,|Spearman rho|,318,0.0030535522575815995,True
MOFA+,Factor 4,proliferation_rank,4.55186942854278e-25,0.5361992199134368,|Spearman rho|,318,3.0725118642663765e-23,True
MOFA+,Factor 5,cell_of_origin,3.552530054276634e-23,0.8833382526564345,AUC,242,1.5986385244244852e-21,True
MOFA+,Factor 5,LymphGen,7.509672190781122e-12,0.19448456061585795,epsilon^2,294,9.216415870504104e-11,True
MOFA+,Factor 5,genetic_cluster,2.5240885406290873e-16,0.2499760103314642,epsilon^2,316,4.259399412311585e-15,True
MOFA+,Factor 5,ecotype,8.589007504566905e-18,0.40108417569289373,epsilon^2,223,1.6564514473093318e-16,True
MOFA+,Factor 5,histology,3.764056089127351e-05,0.0594655556109362,epsilon^2,312,0.00021172815501341349,True
MOFA+,Factor 5,MHG,0.04036018478867887,0.6745642701525054,AUC,318,0.08513476478861949,True
MOFA+,Factor 5,double_triple_hit,0.0153330494231141,0.6926321709786276,AUC,268,0.04058748376706674,True
MOFA+,Factor 5,stromal_rank,0.0010284439455439409,0.18324115796126464,|Spearman rho|,318,0.003966855218526629,True
MOFA+,Factor 5,proliferation_rank,0.8570577749035448,0.010140342366745136,|Spearman rho|,318,0.9039281219685824,True
MOFA+,Factor 6,cell_of_origin,0.013256146728858022,0.5957792207792207,AUC,242,0.03579159616791666,True
MOFA+,Factor 6,LymphGen,0.6454660198046671,0.0,epsilon^2,294,0.7711319705630979,True
MOFA+,Factor 6,genetic_cluster,0.8549983862736061,0.0,epsilon^2,316,0.9039281219685824,True
MOFA+,Factor 6,ecotype,2.949012605346219e-05,0.11414619289064534,epsilon^2,223,0.00017309421813988676,True
MOFA+,Factor 6,histology,0.21585597739312962,0.003450769352860446,epsilon^2,312,0.33884368544270344,True
MOFA+,Factor 6,MHG,0.8339444776941338,0.5179738562091504,AUC,318,0.9033590730475496,True
MOFA+,Factor 6,double_triple_hit,0.43481183739462037,0.56214848143982,AUC,268,0.5869959804827375,True
MOFA+,Factor 6,stromal_rank,3.5673348173690697e-06,0.25657096031980575,|Spearman rho|,318,2.189046365203747e-05,True
MOFA+,Factor 6,proliferation_rank,0.5821365140533599,0.03097198184798388,|Spearman rho|,318,0.7229423113220811,True
MOFA+,Factor 7,cell_of_origin,0.08086317363201295,0.5675177095631642,AUC,242,0.1516184505600243,True
MOFA+,Factor 7,LymphGen,0.01900638272158974,0.02956407075356064,epsilon^2,294,0.048412484290841794,True
MOFA+,Factor 7,genetic_cluster,3.271944552509539e-06,0.09130956237173604,epsilon^2,316,2.103392926613275e-05,True
MOFA+,Factor 7,ecotype,2.2377342606061602e-08,0.18801052289951822,epsilon^2,223,1.67830069545462e-07,True
MOFA+,Factor 7,histology,0.5189114086480561,0.0,epsilon^2,312,0.6735869246873805,True
MOFA+,Factor 7,MHG,0.06005265566044259,0.6601307189542484,AUC,318,0.11922218403176105,True
MOFA+,Factor 7,double_triple_hit,0.15500765893272989,0.6130483689538807,AUC,268,0.2648865057711207,True
MOFA+,Factor 7,stromal_rank,0.9625693325691537,0.0026420813642973303,|Spearman rho|,318,0.9770440593747048,True
MOFA+,Factor 7,proliferation_rank,5.404234520323053e-13,0.3899859663491822,|Spearman rho|,318,7.295716602436122e-12,True
MOFA+,Factor 8,cell_of_origin,0.2752980038741104,0.5422077922077922,AUC,242,0.4039698969891838,True
MOFA+,Factor 8,LymphGen,0.36385505899936527,0.0015501270057088038,epsilon^2,294,0.5063962161331372,True
MOFA+,Factor 8,genetic_cluster,0.988542212879985,0.0,epsilon^2,316,0.9959193935731192,True
MOFA+,Factor 8,ecotype,0.6176629336106216,0.0,epsilon^2,223,0.74450442890566,True
MOFA+,Factor 8,histology,0.2698283508952169,0.0020062735247612274,epsilon^2,312,0.40029480627312397,True
MOFA+,Factor 8,MHG,0.9400426374117136,0.5065359477124183,AUC,318,0.9687462293937507,True
MOFA+,Factor 8,double_triple_hit,0.31874573638753656,0.5793025871766029,AUC,268,0.4577731320459302,True
MOFA+,Factor 8,stromal_rank,0.9509543847923349,0.003462841723928427,|Spearman rho|,318,0.9725669844467061,True
MOFA+,Factor 8,proliferation_rank,0.023657137573606393,0.12686971221596907,|Spearman rho|,318,0.05603006267433093,True
MOFA+,Factor 9,cell_of_origin,0.6934406052450195,0.5152744982290437,AUC,242,0.811217227680567,True
MOFA+,Factor 9,LymphGen,0.3235198960585473,0.002868051916742726,epsilon^2,294,0.45973879966214615,True
MOFA+,Factor 9,genetic_cluster,0.14835219216650242,0.010149522540079062,epsilon^2,316,0.2635203413483924,True
MOFA+,Factor 9,ecotype,0.233473022119762,0.00955419998142725,epsilon^2,223,0.35930323012595994,True
MOFA+,Factor 9,histology,0.02818771510672088,0.016626984015972783,epsilon^2,312,0.06560933688633308,True
MOFA+,Factor 9,MHG,0.02128457051903015,0.696078431372549,AUC,318,0.05152812991474982,True
MOFA+,Factor 9,double_triple_hit,0.6695276959294767,0.5340269966254219,AUC,268,0.7928617451796435,True
MOFA+,Factor 9,stromal_rank,0.1877433660777379,0.0740597953715213,|Spearman rho|,318,0.30915129773517497,True
MOFA+,Factor 9,proliferation_rank,0.002393567828091749,0.16970890089189924,|Spearman rho|,318,0.00828542709724067,True
MOFA+,Factor 10,cell_of_origin,0.060986044618482615,0.572461629279811,AUC,242,0.1193205220796399,True
MOFA+,Factor 10,LymphGen,0.007461309422883107,0.037474904098499136,epsilon^2,294,0.02143142068274935,True
MOFA+,Factor 10,genetic_cluster,0.04823561255134329,0.019881792397285197,epsilon^2,316,0.10018165683740529,True
MOFA+,Factor 10,ecotype,2.3021532758929495e-14,0.32443496518546266,epsilon^2,223,3.4532299138394245e-13,True
MOFA+,Factor 10,histology,0.0018090807802215241,0.034400882970474174,epsilon^2,312,0.00642699750868173,True
MOFA+,Factor 10,MHG,0.005332949968328367,0.7372004357298474,AUC,318,0.0163624601300984,True
MOFA+,Factor 10,double_triple_hit,0.38262331935263716,0.5694600674915635,AUC,268,0.5260353474246314,True
MOFA+,Factor 10,stromal_rank,6.9755130791845e-42,0.6645380006135647,|Spearman rho|,318,9.416942656899074e-40,True
MOFA+,Factor 10,proliferation_rank,9.906481020770176e-07,0.2703509316917906,|Spearman rho|,318,6.686874689019869e-06,True
MOFA+,Factor 11,cell_of_origin,0.8688488678430839,0.5064197166469894,AUC,242,0.9092604430915994,True
MOFA+,Factor 11,LymphGen,0.020730521558125187,0.028816695518379336,epsilon^2,294,0.05152812991474982,True
MOFA+,Factor 11,genetic_cluster,0.0047806367964230365,0.03824598531856839,epsilon^2,316,0.015008975988769997,True
MOFA+,Factor 11,ecotype,4.525327747385392e-10,0.22709133607671422,epsilon^2,223,4.699378814592523e-09,True
MOFA+,Factor 11,histology,0.23635219497276772,0.00286363906036881,epsilon^2,312,0.35930323012595994,True
MOFA+,Factor 11,MHG,0.32816754091176004,0.5833333333333334,AUC,318,0.4614856044071625,True
MOFA+,Factor 11,double_triple_hit,0.1187132655122566,0.6240157480314961,AUC,268,0.2195382307418444,True
MOFA+,Factor 11,stromal_rank,0.38575925477806305,0.04880084230807743,|Spearman rho|,318,0.5260353474246314,True
MOFA+,Factor 11,proliferation_rank,0.00019469265445402258,0.20747194440852806,|Spearman rho|,318,0.0009063278741825189,True
MOFA+,Factor 12,cell_of_origin,0.8823896152386095,0.5057556080283353,AUC,242,0.9163276773631714,True
MOFA+,Factor 12,LymphGen,0.1664715603072416,0.009789712957074512,epsilon^2,294,0.2809207580184702,True
MOFA+,Factor 12,genetic_cluster,0.05632123648699951,0.018585187550933177,epsilon^2,316,0.11348308844395423,True
MOFA+,Factor 12,ecotype,0.8320542245135193,0.0,epsilon^2,223,0.9033590730475496,True
MOFA+,Factor 12,histology,0.8013882758030036,0.0,epsilon^2,312,0.8867821084705368,True
MOFA+,Factor 12,MHG,0.585259753936826,0.5465686274509804,AUC,318,0.7229423113220811,True
MOFA+,Factor 12,double_triple_hit,0.19792958608038314,0.6023622047244094,AUC,268,0.31632273852018905,True
MOFA+,Factor 12,stromal_rank,0.1527893843031349,0.08036301909606083,|Spearman rho|,318,0.2648865057711207,True
MOFA+,Factor 12,proliferation_rank,0.0007796666591706916,0.18747955219082363,|Spearman rho|,318,0.003289218718376355,True
MOFA+,Factor 13,cell_of_origin,0.7636786863525721,0.5116587957497047,AUC,242,0.8591385221466437,True
MOFA+,Factor 13,LymphGen,0.0009252421926766692,0.05449334177268699,epsilon^2,294,0.0037850816973136465,True
MOFA+,Factor 13,genetic_cluster,0.0015961647230270902,0.04655669667404181,epsilon^2,316,0.005823844259693437,True
MOFA+,Factor 13,ecotype,6.053972421029324e-09,0.2011658448844129,epsilon^2,223,5.108039230243492e-08,True
MOFA+,Factor 13,histology,0.03423393049953478,0.015369178037992131,epsilon^2,312,0.07454162286189024,True
MOFA+,Factor 13,MHG,3.989467966398187e-05,0.8496732026143791,AUC,318,0.0002154312701855021,True
MOFA+,Factor 13,double_triple_hit,0.004578648388833382,0.7252530933633295,AUC,268,0.014717084106964443,True
MOFA+,Factor 13,stromal_rank,1.9417684426456088e-20,0.4880764504127653,|Spearman rho|,318,4.36897899595262e-19,True
MOFA+,Factor 13,proliferation_rank,0.06240163605805982,0.10462108418621881,|Spearman rho|,318,0.1203460123976868,True
MOFA+,Factor 14,cell_of_origin,0.006543124197613633,0.6051505312868949,AUC,242,0.0196293725928409,True
MOFA+,Factor 14,LymphGen,0.7259839439938589,0.0,epsilon^2,294,0.8376737815313756,True
MOFA+,Factor 14,genetic_cluster,0.1877807882539581,0.007976943471332503,epsilon^2,316,0.30915129773517497,True
MOFA+,Factor 14,ecotype,0.0013992848232285719,0.07246711012335327,epsilon^2,223,0.005247318087107144,True
MOFA+,Factor 14,histology,0.03514793732398482,0.015198636534323757,epsilon^2,312,0.07531700855139604,True
MOFA+,Factor 14,MHG,0.47241486809816036,0.5612745098039216,AUC,318,0.6252549724828593,True
MOFA+,Factor 14,double_triple_hit,0.5021021130830324,0.5534308211473566,AUC,268,0.6580950025845571,True
MOFA+,Factor 14,stromal_rank,5.854349909291862e-10,0.3383910747619973,|Spearman rho|,318,5.64526598396001e-09,True
MOFA+,Factor 14,proliferation_rank,7.726583695316667e-05,0.21980666303012172,|Spearman rho|,318,0.0003863291847658333,True
MOFA+,Factor 15,cell_of_origin,0.8568447285257077,0.5070100354191263,AUC,242,0.9039281219685824,True
MOFA+,Factor 15,LymphGen,0.29888000809914317,0.0037366160301207036,epsilon^2,294,0.43385807627294976,True
MOFA+,Factor 15,genetic_cluster,0.15392266844379482,0.009813697755797905,epsilon^2,316,0.2648865057711207,True
MOFA+,Factor 15,ecotype,0.4670518652094039,0.0,epsilon^2,223,0.624277245576926,True
MOFA+,Factor 15,histology,0.23953548675063996,0.002777046621090419,epsilon^2,312,0.35930323012595994,True
MOFA+,Factor 15,MHG,0.23949320189728718,0.6002178649237473,AUC,318,0.35930323012595994,True
MOFA+,Factor 15,double_triple_hit,0.5793708690182835,0.5441507311586052,AUC,268,0.7229423113220811,True
MOFA+,Factor 15,stromal_rank,0.7354314226964382,0.01902221497498621,|Spearman rho|,318,0.8379708994455284,True
MOFA+,Factor 15,proliferation_rank,0.5291685443319203,0.03541642723004854,|Spearman rho|,318,0.6803595569981832,True
MOFA-Flex,Factor 1,cell_of_origin,0.6878121842709125,0.5155696576151121,AUC,242,0.7198034486556061,False
MOFA-Flex,Factor 1,LymphGen,0.14258704624691476,0.011311899951339102,epsilon^2,294,0.19844588910653085,False
MOFA-Flex,Factor 1,genetic_cluster,0.0977762343919337,0.01386236726371283,epsilon^2,316,0.14347599611859838,False
MOFA-Flex,Factor 1,ecotype,9.248377956290368e-20,0.4448003805765092,epsilon^2,223,4.1617700803306656e-18,False
MOFA-Flex,Factor 1,histology,0.09987995821344321,0.008438745837788099,epsilon^2,312,0.14498703611628855,False
MOFA-Flex,Factor 1,MHG,0.17628174365844396,0.6151960784313726,AUC,318,0.233314072489117,False
MOFA-Flex,Factor 1,double_triple_hit,0.44953470677020424,0.5601799775028121,AUC,268,0.5146937004405729,False
MOFA-Flex,Factor 1,stromal_rank,8.072385049004071e-17,0.44433044356679724,|Spearman rho|,318,2.1795439632310993e-15,False
MOFA-Flex,Factor 1,proliferation_rank,0.7167519997208599,0.02042328932017578,|Spearman rho|,318,0.7386375569642449,False
MOFA-Flex,Factor 2,cell_of_origin,0.04157363982318164,0.5788075560802833,AUC,242,0.07483255168172695,False
MOFA-Flex,Factor 2,LymphGen,0.018646010618037553,0.02972850556895305,epsilon^2,294,0.037017815197574556,False
MOFA-Flex,Factor 2,genetic_cluster,5.50686446586601e-07,0.10381279175660035,epsilon^2,316,3.0976112620496304e-06,False
MOFA-Flex,Factor 2,ecotype,2.644293154622751e-06,0.13931922811461087,epsilon^2,223,1.3221465773113755e-05,False
MOFA-Flex,Factor 2,histology,0.00013391521384023731,0.05125115657481304,epsilon^2,312,0.00047575141759031677,False
MOFA-Flex,Factor 2,MHG,0.0016626840257413082,0.7677015250544663,AUC,318,0.004580864152552583,False
MOFA-Flex,Factor 2,double_triple_hit,0.4908891665743188,0.5548368953880765,AUC,268,0.556891071323807,False
MOFA-Flex,Factor 2,stromal_rank,5.991705657544613e-05,0.223081663645391,|Spearman rho|,318,0.0002379059599319185,False
MOFA-Flex,Factor 2,proliferation_rank,1.8837217298167602e-25,0.5398585692331274,|Spearman rho|,318,2.5430243352526263e-23,False
MOFA-Flex,Factor 3,cell_of_origin,0.009402164721826927,0.6004279811097993,AUC,242,0.0215134277533328,False
MOFA-Flex,Factor 3,LymphGen,0.014437473092856711,0.0319150451592694,epsilon^2,294,0.029985521039010095,False
MOFA-Flex,Factor 3,genetic_cluster,0.005722460838265685,0.03686475674418005,epsilon^2,316,0.01396564800265639,False
MOFA-Flex,Factor 3,ecotype,1.7903187648440447e-09,0.21337058690058613,epsilon^2,223,1.6112868883596403e-08,False
MOFA-Flex,Factor 3,histology,0.09018940917302808,0.009099309215148232,epsilon^2,312,0.13528411375954214,False
MOFA-Flex,Factor 3,MHG,0.001591374604278831,0.7687908496732025,AUC,318,0.004475741074534212,False
MOFA-Flex,Factor 3,double_triple_hit,0.05512027104044176,0.6524184476940382,AUC,268,0.09419286823366631,False
MOFA-Flex,Factor 3,stromal_rank,1.0134667749049393e-11,0.36945200766751995,|Spearman rho|,318,1.1401501217680567e-10,False
MOFA-Flex,Factor 3,proliferation_rank,8.351558502311977e-13,0.3870263430487551,|Spearman rho|,318,1.0249639980110152e-11,False
MOFA-Flex,Factor 4,cell_of_origin,0.07759929069328773,0.5682556080283354,AUC,242,0.12324593227757463,False
MOFA-Flex,Factor 4,LymphGen,0.00016839563299825793,0.06796343982066391,epsilon^2,294,0.0005544734257259712,False
MOFA-Flex,Factor 4,genetic_cluster,7.291115269966009e-05,0.06920003835419068,epsilon^2,316,0.0002812287318415461,False
MOFA-Flex,Factor 4,ecotype,3.9025943107008415e-13,0.29675338143390156,epsilon^2,223,5.853891466051262e-12,False
MOFA-Flex,Factor 4,histology,0.0005279684804200067,0.042371999820156186,epsilon^2,312,0.00158390544126002,False
MOFA-Flex,Factor 4,MHG,0.0003743018638271559,0.8028322440087146,AUC,318,0.0011751337585271173,False
MOFA-Flex,Factor 4,double_triple_hit,0.25779000330131685,0.5899887514060742,AUC,268,0.3252490695857736,False
MOFA-Flex,Factor 4,stromal_rank,0.6795754787031175,0.023250701429793793,|Spearman rho|,318,0.7167397626946942,False
MOFA-Flex,Factor 4,proliferation_rank,9.686837962073614e-06,0.24525483694195235,|Spearman rho|,318,4.310605604283834e-05,False
MOFA-Flex,Factor 5,cell_of_origin,0.0023964102025432017,0.6173996458087367,AUC,242,0.006343438771437887,False
MOFA-Flex,Factor 5,LymphGen,0.12544583653198532,0.012551751854429385,epsilon^2,294,0.1782651361244002,False
MOFA-Flex,Factor 5,genetic_cluster,0.0033439166355745354,0.040974450948365965,epsilon^2,316,0.00868132203466466,False
MOFA-Flex,Factor 5,ecotype,1.0404358380202115e-06,0.14893668643392322,epsilon^2,223,5.618353525309143e-06,False
MOFA-Flex,Factor 5,histology,0.05109989109978021,0.012776523708055081,epsilon^2,312,0.08844211921115808,False
MOFA-Flex,Factor 5,MHG,0.09257584386384864,0.6432461873638344,AUC,318,0.13733779034746776,False
MOFA-Flex,Factor 5,double_triple_hit,0.10978551098725671,0.6271091113610798,AUC,268,0.15767068067318782,False
MOFA-Flex,Factor 5,stromal_rank,9.898427683911026e-06,0.24500400133746772,|Spearman rho|,318,4.310605604283834e-05,False
MOFA-Flex,Factor 5,proliferation_rank,1.8960940791182437e-05,0.23732968339135574,|Spearman rho|,318,7.756748505483725e-05,False
MOFA-Flex,Factor 6,cell_of_origin,0.0001104083723587628,0.6494982290436836,AUC,242,0.0004028413586062967,False
MOFA-Flex,Factor 6,LymphGen,0.1541518856218767,0.010548731272970477,epsilon^2,294,0.2102071167571046,False
MOFA-Flex,Factor 6,genetic_cluster,0.00015467375352973966,0.06375789527438729,epsilon^2,316,0.0005354091468337143,False
MOFA-Flex,Factor 6,ecotype,6.41501957750103e-13,0.29187933410456,epsilon^2,223,8.660276429626392e-12,False
MOFA-Flex,Factor 6,histology,0.08520771004377464,0.00946707673637295,epsilon^2,312,0.13071637336260883,False
MOFA-Flex,Factor 6,MHG,0.08081482153703566,0.6486928104575164,AUC,318,0.12686047566860248,False
MOFA-Flex,Factor 6,double_triple_hit,0.5459166370288713,0.5480877390326209,AUC,268,0.599176796739005,False
MOFA-Flex,Factor 6,stromal_rank,2.1200660181481054e-19,0.4761550940833126,|Spearman rho|,318,7.155222811249855e-18,False
MOFA-Flex,Factor 6,proliferation_rank,0.3168980146128361,0.05630221791244759,|Spearman rho|,318,0.39100346338003267,False
MOFA-Flex,Factor 7,cell_of_origin,0.006812324294610605,0.6046340023612751,AUC,242,0.016134452276709326,False
MOFA-Flex,Factor 7,LymphGen,0.0017684790275175018,0.04928514101041199,epsilon^2,294,0.004774893374297255,False
MOFA-Flex,Factor 7,genetic_cluster,0.012390366297094293,0.03085592697724781,epsilon^2,316,0.026550784922344913,False
MOFA-Flex,Factor 7,ecotype,3.5877616456020793e-09,0.20641307028081712,epsilon^2,223,3.027173888476754e-08,False
MOFA-Flex,Factor 7,histology,0.016906127432227264,0.019935787396837774,epsilon^2,312,0.034064585124637024,False
MOFA-Flex,Factor 7,MHG,0.8239650516578951,0.5190631808278867,AUC,318,0.8363555035625252,False
MOFA-Flex,Factor 7,double_triple_hit,0.3692569440573452,0.5714285714285714,AUC,268,0.44114767652868675,False
MOFA-Flex,Factor 7,stromal_rank,0.001241302096970209,0.1803090450540594,|Spearman rho|,318,0.0035654421934250688,False
MOFA-Flex,Factor 7,proliferation_rank,0.06345052010071106,0.10420733817592992,|Spearman rho|,318,0.10320265317585534,False
MOFA-Flex,Factor 8,cell_of_origin,4.2443013598745816e-07,0.695543093270366,AUC,242,2.4912203634046457e-06,False
MOFA-Flex,Factor 8,LymphGen,0.6284749472564684,0.0,epsilon^2,294,0.6787529430369859,False
MOFA-Flex,Factor 8,genetic_cluster,0.040097705003710224,0.021413208625532323,epsilon^2,316,0.07320829892388038,False
MOFA-Flex,Factor 8,ecotype,1.82507530857418e-11,0.25892460655520017,epsilon^2,223,1.89527051275011e-10,False
MOFA-Flex,Factor 8,histology,0.27140761612976083,0.0019685014213316524,epsilon^2,312,0.339259520162201,False
MOFA-Flex,Factor 8,MHG,0.009660230475969936,0.7203159041394336,AUC,318,0.021735518570932356,False
MOFA-Flex,Factor 8,double_triple_hit,0.42446815344685285,0.5635545556805399,AUC,268,0.49399310961487186,False
MOFA-Flex,Factor 8,stromal_rank,0.657567526611752,0.02495196286553536,|Spearman rho|,318,0.6989891030912324,False
MOFA-Flex,Factor 8,proliferation_rank,0.0003027455718383018,0.2013181710752466,|Spearman rho|,318,0.0009731107666231129,False
MOFA-Flex,Factor 9,cell_of_origin,0.1269663554613668,0.5590318772136954,AUC,242,0.17854643736754708,False
MOFA-Flex,Factor 9,LymphGen,0.05949127784696077,0.01950867335636946,epsilon^2,294,0.1003915313667463,False
MOFA-Flex,Factor 9,genetic_cluster,0.0401289934842011,0.021406775373486286,epsilon^2,316,0.07320829892388038,False
MOFA-Flex,Factor 9,ecotype,4.176609654135572e-09,0.20488986797047493,epsilon^2,223,3.3167194312253075e-08,False
MOFA-Flex,Factor 9,histology,0.24417254096995197,0.0026529460742292493,epsilon^2,312,0.3109744625560709,False
MOFA-Flex,Factor 9,MHG,0.14932721512404332,0.6228213507625272,AUC,318,0.20570585756883517,False
MOFA-Flex,Factor 9,double_triple_hit,0.012840257510163199,0.6976940382452193,AUC,268,0.027084918185500496,False
MOFA-Flex,Factor 9,stromal_rank,4.990205309385748e-06,0.2528281080763789,|Spearman rho|,318,2.4059918455967e-05,False
MOFA-Flex,Factor 9,proliferation_rank,1.0627129190521823e-14,0.4154451246683656,|Spearman rho|,318,2.39110406786741e-13,False
MOFA-Flex,Factor 10,cell_of_origin,2.317856515703497e-08,0.715982880755608,AUC,242,1.738392386777623e-07,False
MOFA-Flex,Factor 10,LymphGen,0.007473077904016153,0.03746175562231634,epsilon^2,294,0.01739423305245139,False
MOFA-Flex,Factor 10,genetic_cluster,0.005102652464547159,0.03774597823109594,epsilon^2,316,0.012756631161367896,False
MOFA-Flex,Factor 10,ecotype,5.666962134168316e-08,0.17861891333987764,epsilon^2,223,3.8251994405636133e-07,False
MOFA-Flex,Factor 10,histology,0.04922026234297447,0.013019093229940607,epsilon^2,312,0.08629526514677341,False
MOFA-Flex,Factor 10,MHG,1.0,0.5,AUC,318,1.0,False
MOFA-Flex,Factor 10,double_triple_hit,0.3434083084340597,0.5753655793025871,AUC,268,0.4176587535008834,False
MOFA-Flex,Factor 10,stromal_rank,0.31859541460595253,0.05610539752560668,|Spearman rho|,318,0.39100346338003267,False
MOFA-Flex,Factor 10,proliferation_rank,0.005793157689990798,0.15441089750076095,|Spearman rho|,318,0.01396564800265639,False
MOFA-Flex,Factor 11,cell_of_origin,9.285441057399554e-08,0.7064639905548996,AUC,242,5.969212108328284e-07,False
MOFA-Flex,Factor 11,LymphGen,5.477137549463381e-08,0.12901423113610258,epsilon^2,294,3.8251994405636133e-07,False
MOFA-Flex,Factor 11,genetic_cluster,4.373682846521665e-10,0.15304585041686117,epsilon^2,316,4.21747988771732e-09,False
MOFA-Flex,Factor 11,ecotype,2.6769705053581374e-13,0.3004473728475137,epsilon^2,223,4.517387727791857e-12,False
MOFA-Flex,Factor 11,histology,0.388087216423344,0.0,epsilon^2,312,0.45957696681711785,False
MOFA-Flex,Factor 11,MHG,0.032641758083827584,0.6819172113289761,AUC,318,0.06120329640717672,False
MOFA-Flex,Factor 11,double_triple_hit,0.9675098710510647,0.5033745781777278,AUC,268,0.9747300939693562,False
MOFA-Flex,Factor 11,stromal_rank,1.6661193639406992e-23,0.520788154213005,|Spearman rho|,318,1.124630570659972e-21,False
MOFA-Flex,Factor 11,proliferation_rank,1.2577537978567017e-05,0.2422052185847927,|Spearman rho|,318,5.3061488347079604e-05,False
MOFA-Flex,Factor 12,cell_of_origin,0.15749437906447483,0.5546782762691854,AUC,242,0.21261741173704105,False
MOFA-Flex,Factor 12,LymphGen,0.44988041964435266,0.0,epsilon^2,294,0.5146937004405729,False
MOFA-Flex,Factor 12,genetic_cluster,0.028474046676427264,0.024213211812337015,epsilon^2,316,0.05491423287596687,False
MOFA-Flex,Factor 12,ecotype,1.630372008041135e-07,0.16789121707665167,epsilon^2,223,1.0004555503888782e-06,False
MOFA-Flex,Factor 12,histology,0.011837866342372532,0.02224240694715534,epsilon^2,312,0.025775999293875675,False
MOFA-Flex,Factor 12,MHG,0.6186900971551896,0.542483660130719,AUC,318,0.6735738960963759,False
MOFA-Flex,Factor 12,double_triple_hit,0.20670437225334515,0.6003937007874015,AUC,268,0.2709232063514718,False
MOFA-Flex,Factor 12,stromal_rank,0.00016416752680779384,0.20980188050799284,|Spearman rho|,318,0.0005540654029763042,False
MOFA-Flex,Factor 12,proliferation_rank,0.5458060459781915,0.033997897010329604,|Spearman rho|,318,0.599176796739005,False
MOFA-Flex,Factor 13,cell_of_origin,0.042537957961071106,0.5784386068476978,AUC,242,0.0755608463782184,False
MOFA-Flex,Factor 13,LymphGen,0.16877888851859396,0.0096530970591115,epsilon^2,294,0.2255955440595068,False
MOFA-Flex,Factor 13,genetic_cluster,0.030932678854382067,0.02353990048155252,epsilon^2,316,0.05881565697664196,False
MOFA-Flex,Factor 13,ecotype,1.2723370141990865e-13,0.3077297498095222,epsilon^2,223,2.4537928130982384e-12,False
MOFA-Flex,Factor 13,histology,0.023919880728116533,0.01768961382650415,epsilon^2,312,0.04679976664196713,False
MOFA-Flex,Factor 13,MHG,0.06181728236069915,0.659041394335512,AUC,318,0.1017723551060291,False
MOFA-Flex,Factor 13,double_triple_hit,0.21314272542472035,0.5989876265466817,AUC,268,0.27667565319555043,False
MOFA-Flex,Factor 13,stromal_rank,0.08955955813772035,0.09536217859613302,|Spearman rho|,318,0.13528411375954214,False
MOFA-Flex,Factor 13,proliferation_rank,0.35221231652003687,0.0523393520737979,|Spearman rho|,318,0.4245416315196873,False
MOFA-Flex,Factor 14,cell_of_origin,0.004332658633197719,0.6103158205430933,AUC,242,0.011036017273239471,False
MOFA-Flex,Factor 14,LymphGen,0.5130644162258851,0.0,epsilon^2,294,0.5724272412437561,False
MOFA-Flex,Factor 14,genetic_cluster,0.08435367082795692,0.015145113498215323,epsilon^2,316,0.13071637336260883,False
MOFA-Flex,Factor 14,ecotype,0.0005157857382719973,0.08346963407310241,epsilon^2,223,0.001582524424243628,False
MOFA-Flex,Factor 14,histology,0.0707779628029549,0.010668010269120603,epsilon^2,312,0.1137502973618918,False
MOFA-Flex,Factor 14,MHG,0.4116590200322887,0.5699891067538125,AUC,318,0.4832518930813824,False
MOFA-Flex,Factor 14,double_triple_hit,0.22645109106460792,0.5961754780652418,AUC,268,0.291151402797353,False
MOFA-Flex,Factor 14,stromal_rank,0.6951164312816066,0.02206205388384296,|Spearman rho|,318,0.7218516786385916,False
MOFA-Flex,Factor 14,proliferation_rank,0.6432688730630297,0.02606946740841724,|Spearman rho|,318,0.689216649710389,False
MOFA-Flex,Factor 15,cell_of_origin,9.192033421519678e-06,0.6714876033057852,AUC,242,4.279050041052264e-05,False
MOFA-Flex,Factor 15,LymphGen,0.010230886145735574,0.0348297060932998,epsilon^2,294,0.02264212507662791,False
MOFA-Flex,Factor 15,genetic_cluster,7.897418503567047e-05,0.06862389329263395,epsilon^2,316,0.00029615319388376425,False
MOFA-Flex,Factor 15,ecotype,2.059353935075926e-06,0.14190273626890043,epsilon^2,223,1.0692799278278845e-05,False
MOFA-Flex,Factor 15,histology,0.7720730223899779,0.0,epsilon^2,312,0.7896201365352047,False
MOFA-Flex,Factor 15,MHG,0.0007818920305116327,0.7859477124183006,AUC,318,0.00229468313302327,False
MOFA-Flex,Factor 15,double_triple_hit,0.5021021130830324,0.5534308211473566,AUC,268,0.5648648772184115,False
MOFA-Flex,Factor 15,stromal_rank,0.016099878091032922,0.13487179779575917,|Spearman rho|,318,0.03293156882256734,False
MOFA-Flex,Factor 15,proliferation_rank,0.061288625913812136,0.10506643445625963,|Spearman rho|,318,0.1017723551060291,False
