model,factor,best |r| in seed 1,best |r| in seed 2,stable
MOFA+,Factor 1,0.9999964017518926,0.9999995501975872,True
MOFA+,Factor 2,0.9999998614094698,0.9999999760567756,True
MOFA+,Factor 3,0.9999980385005658,0.9999998595124958,True
MOFA+,Factor 4,0.9999973099658274,0.9999998950994344,True
MOFA+,Factor 5,0.9999987085604253,0.9999998717832508,True
MOFA+,Factor 6,0.9999680925190455,0.9999983273659953,True
MOFA+,Factor 7,0.9998189083900589,0.9999984017190167,True
MOFA+,Factor 8,0.9999996240324619,0.9999998949646801,True
MOFA+,Factor 9,0.9999353707506082,0.9999866952139757,True
MOFA+,Factor 10,0.9996838049909136,0.9999837497592022,True
MOFA+,Factor 11,0.999999124593712,0.9999998209289284,True
MOFA+,Factor 12,0.9999981113026941,0.9999997592534188,True
MOFA+,Factor 13,0.9999799737173134,0.9999995398049875,True
MOFA+,Factor 14,0.9999497124544764,0.9999861834925955,True
MOFA+,Factor 15,0.9999992589474564,0.9999998007173381,True
MOFA-Flex,Factor 1,0.6785156298953533,0.580650724404422,False
MOFA-Flex,Factor 2,0.5500183419068488,0.5843681694089519,False
MOFA-Flex,Factor 3,0.4558442580163328,0.580963699661336,False
MOFA-Flex,Factor 4,0.6729779102534259,0.5430266074901635,False
MOFA-Flex,Factor 5,0.553798148278998,0.6089128677547601,False
MOFA-Flex,Factor 6,0.4894973160408992,0.7223140453023742,False
MOFA-Flex,Factor 7,0.5779819566958492,0.5527809174818399,False
MOFA-Flex,Factor 8,0.5266697005624937,0.5908351763085905,False
MOFA-Flex,Factor 9,0.5554782875365425,0.632760751899916,False
MOFA-Flex,Factor 10,0.4935148255116419,0.5692894653876193,False
MOFA-Flex,Factor 11,0.50283022815022,0.5666115863081923,False
MOFA-Flex,Factor 12,0.4913298520566562,0.5688853963353011,False
MOFA-Flex,Factor 13,0.5032636683427958,0.5355481840184616,False
MOFA-Flex,Factor 14,0.5355959166929677,0.5368737111103026,False
MOFA-Flex,Factor 15,0.4458990858734808,0.6041713866479921,False
