MOFA+ factor,R2 from all MOFA-Flex factors,best single MOFA-Flex |r|
Factor 1,0.9713204244952828,0.5036150835793409
Factor 2,0.9991548078250968,0.5609991981827261
Factor 3,0.9896023804464751,0.530943874822664
Factor 4,0.9973147387310067,0.4610661959708474
Factor 5,0.9949692092916688,0.5743229299568633
Factor 6,0.9875934302804815,0.4904863923318973
Factor 7,0.9948448139186945,0.503999210067174
Factor 8,0.9619977554590987,0.4383862512836425
Factor 9,0.9628046165539523,0.5268071718806293
Factor 10,0.9450461653157455,0.5010153744258867
Factor 11,0.9789044175976449,0.4912029963988676
Factor 12,0.9332531345856216,0.5218168288824944
Factor 13,0.926504652335058,0.4821685653513139
Factor 14,0.6303358198369395,0.3960990155138143
Factor 15,0.9945841629911889,0.45465996641063167
