,Factor 1,Factor 2,Factor 3,Factor 4,Factor 5,Factor 6,Factor 7,Factor 8,Factor 9,Factor 10,Factor 11,Factor 12,Factor 13,Factor 14,Factor 15
Factor 1,0.3674441239420484,0.4491833041046119,0.3705613949763577,0.4791379105494007,0.43191716139044134,0.5036150835793409,0.24742218739814675,0.4926534104936609,0.15438368781307343,0.2969662888034199,0.3111265350277413,0.26530174347479135,0.37259549500886,0.17278776086838063,0.4357052793096027
Factor 2,0.15940133972140638,0.315646010956027,0.02067190084617203,0.29422752635806576,0.4729812018722989,0.43858845349638104,0.5609991981827261,0.15098189117761948,0.1929649363297773,0.0554338214666099,0.18788840111755473,0.2975741899895869,0.4248211338375726,0.32904009980528953,0.1427333773755393
Factor 3,0.502338693401335,0.19380804511811794,0.5259097780452887,0.06575571351545058,0.08106209126062051,0.11755886100996754,0.15513828637814836,0.19898831847464934,0.49071090494329467,0.530943874822664,0.17848059128587698,0.03337090531448586,0.09802108242259405,0.14646131876656926,0.2386531752953655
Factor 4,0.3808260990615947,0.4610661959708474,0.2197164430603147,0.25109577129565697,0.34803250517083056,0.07688358344490051,0.1272033756019572,0.010125689724641326,0.2406461974844585,0.29172913678265866,0.31080497248257577,0.3469202377133859,0.24869475425833884,0.17679538648242785,0.2041773500464808
Factor 5,0.2790731419281236,0.2127426001689302,0.11905687130439223,0.5743229299568633,0.11926455778852044,0.14678201885398812,0.280768722949699,0.24595347004194273,0.16892045392439978,0.4333809356545542,0.3539833276660189,0.10368629423080242,0.16650417414216942,0.20082019909177512,0.06821627242958053
Factor 6,0.003590560257000313,0.24396260876743686,0.1308297444161013,0.14115954335276917,0.059247043417392856,0.3822005004999673,0.4904863923318973,0.39530018893732616,0.13008627607927975,0.1299132271955008,0.26540599630675354,0.4296172297483288,0.0669281016481974,0.3521823916529628,0.25190714021612104
Factor 7,0.3773661339116264,0.34420506473800233,0.15920996400164453,0.12224187203952229,0.15185072853550008,0.2159495561972381,0.015618192368383422,0.05022709732402694,0.503999210067174,0.03324019098393901,0.3808577786590301,0.12168180715255462,0.19798974318857143,0.4184888246229261,0.07626410927721354
Factor 8,0.04029120480667364,0.4383862512836425,0.40622900933146816,0.04434959819509858,0.382809965335542,0.0066329344850539216,0.1970066080820305,0.15238536864813126,0.05498116053136458,0.16660654453247045,0.2705164404734043,0.11378649366653991,0.04926453964948125,0.19683083992139871,0.26907542171746923
Factor 9,0.19449766523118556,0.13327840520476492,0.2787059971166177,0.25464694736096677,0.3248511086026283,0.18180620878205814,0.021824430388383543,0.11594480053793872,0.32893826765802475,0.4815826475935221,0.0922848617138013,0.1908120401285356,0.16514422595546588,0.5268071718806293,0.13884301509201166
Factor 10,0.5010153744258867,0.07960294392831334,0.35484420555209767,0.11783643352985416,0.2248957615765666,0.12176577042800173,0.2994309866331936,0.03745629520320363,0.1694814759818064,0.24224461390960433,0.43399015440533506,0.29047651627391763,0.17283008461988963,0.20962893392556006,0.15652736114794147
Factor 11,0.23507503319876746,0.05715208361572926,0.1964896635562298,0.11592700354473465,0.10092114332547833,0.04099791811315369,0.3093491643120987,0.14155525058837787,0.31710871656288403,0.07814539283237396,0.3183892176218604,0.23649875702273765,0.29278846294357186,0.1995338381117665,0.4912029963988676
Factor 12,0.04260062067428228,0.32247061888724515,0.2132467471834318,0.05726168773567798,0.12028365131683029,0.0038330044354797956,0.21532059327480127,0.5218168288824944,0.2810343735368415,0.12237746770106538,0.1247175429965059,0.3093135908367818,0.2920506364370479,0.003584517610896527,0.001567940768658824
Factor 13,0.015134626889507853,0.16414862067069289,0.4821685653513139,0.18137882293543692,0.15002313365101339,0.1922995518620454,0.21785296396022713,0.1412959631136104,0.026205629926582638,0.1488408858661897,0.02078864651301731,0.21845741152820328,0.3610023400309887,0.2480300203304049,0.10051737026575132
Factor 14,0.1377855398716722,0.006471079392584017,0.2341770858156481,0.07603304655736565,0.24055689002720584,0.2744144270167735,0.06940264078945979,0.14075715442706369,0.3960990155138143,0.11947443209443238,0.15909970142187563,0.07656765688329374,0.2104582836548964,0.07636569443712189,0.19635047347944218
Factor 15,0.10044899551522297,0.028748399319898678,0.10631398728311196,0.20626527299663058,0.140332435612265,0.07450484850739052,0.06653126039378851,0.4479794139407246,0.17100934771575152,0.14643935352419726,0.08638044300294005,0.45465996641063167,0.03290631236906506,0.12326336080460704,0.35868780714305315
