model,factor,rna,protein,active
MOFA+,Factor 1,0.2012088452947483,0.0018069800189821,True
MOFA+,Factor 2,0.000305156287944,0.104849763285827,True
MOFA+,Factor 3,1.5243788469621045e-05,0.0998024916080482,True
MOFA+,Factor 4,0.019268133667848,0.051474569990752,True
MOFA+,Factor 5,0.0281703814832385,0.0338656185398562,True
MOFA+,Factor 6,0.0520628320293844,0.0011208428069052,True
MOFA+,Factor 7,0.0291152318528379,0.01811734916714,True
MOFA+,Factor 8,0.0043972798762531,0.0397596620897171,True
MOFA+,Factor 9,0.0419816465010348,1.918900666475487e-05,True
MOFA+,Factor 10,0.0314045478391762,0.0098410382655929,True
MOFA+,Factor 11,0.0352518399637049,0.0057833131417547,True
MOFA+,Factor 12,0.0023907911555183,0.0264342663596195,True
MOFA+,Factor 13,0.0128724737281322,0.013287727696726,True
MOFA+,Factor 14,0.0237568373438812,0.0021616955239164,True
MOFA+,Factor 15,0.003752800036563,0.0219014619112489,True
MOFA-Flex,Factor 1,0.044308543,0.044365406,True
MOFA-Flex,Factor 2,0.046457708,0.037208557,True
MOFA-Flex,Factor 3,0.037300944,0.042721212,True
MOFA-Flex,Factor 4,0.051567793,0.024039626,True
MOFA-Flex,Factor 5,0.037685335,0.034852684,True
MOFA-Flex,Factor 6,0.048618913,0.023574114,True
MOFA-Flex,Factor 7,0.030865371,0.0403651,True
MOFA-Flex,Factor 8,0.0493446,0.018361509,True
MOFA-Flex,Factor 9,0.031045914,0.035570562,True
MOFA-Flex,Factor 10,0.02851218,0.037136376,True
MOFA-Flex,Factor 11,0.038688064,0.022123933,True
MOFA-Flex,Factor 12,0.03573686,0.024567604,True
MOFA-Flex,Factor 13,0.031349003,0.025610685,True
MOFA-Flex,Factor 14,0.035815835,0.020840466,True
MOFA-Flex,Factor 15,0.0336681,0.017869294,True
