Scenario_ID,Method,Masking_Fraction,MNAR_Fraction,Replicate,RMSE,MAE,Pearson_r,NRMSE,Cor_proteinwise,N_Evaluated,N_Features_NRMSE,RMSE_MNAR_subset,RMSE_MCAR_subset,Seconds
25.0,Mean,0.3,1.0,5.0,1.6218440532684326,1.2994933128356934,0.5818686046246984,0.2262810617685318,,47700,500.0,1.6218440532684326,,
25.0,Median,0.3,1.0,5.0,1.6740634441375732,1.260430932044983,0.5746462140651531,0.2328735291957855,,47700,500.0,1.6740634441375732,,
25.0,KNN,0.3,1.0,5.0,1.2892426252365112,0.9707126021385192,0.7629939783322341,0.1764838546514511,0.5848780581639162,47700,500.0,1.2892426252365112,,
25.0,Regression,0.3,1.0,5.0,1.335956841298569,0.9244710382454344,0.7591167060788165,0.1703981374802564,0.6448163021832447,47700,500.0,1.335956841298569,,
25.0,RandomForest,0.3,1.0,5.0,1.2761621396916318,0.9576260365433384,0.7686150151206591,0.1749659053414893,0.5837081890715443,47700,500.0,1.2761621396916318,,
25.0,MissForest,0.3,1.0,5.0,1.272395169105489,0.9520772352603278,0.7701807691195124,0.17419879362334,0.5917107918144637,47700,500.0,1.272395169105489,,
25.0,MICE,0.3,1.0,5.0,1.23650062084198,0.9269508123397828,0.7847273845693137,0.1689330488443374,0.6075484522048628,47700,500.0,1.23650062084198,,
25.0,CF,0.3,1.0,5.0,1.976212739944458,1.6655139923095703,0.6177507596769961,0.2703108191490173,0.3061211692033014,47700,500.0,1.976212739944458,,
25.0,EM_MVN,0.3,1.0,5.0,1.307623028755188,1.0014666318893433,0.7565337039977158,0.1798642128705978,0.5818858902476893,47700,500.0,1.307623028755188,,
25.0,DAE,0.3,1.0,5.0,1.2759510278701782,0.9545761346817015,0.7759248036198532,0.1751572489738464,0.6151928830231757,47700,500.0,1.2759510278701782,,
25.0,VAE,0.3,1.0,5.0,1.456286907196045,1.12495219707489,0.6842522755230229,0.2005534619092941,0.3618913448605186,47700,500.0,1.456286907196045,,
14.0,Mean,0.3,0.5,4.0,1.624727725982666,1.2987737655639648,0.5789778328476006,0.2266589254140854,,47700,500.0,1.6376996040344238,1.6116514205932615,
14.0,Median,0.3,0.5,4.0,1.6765987873077393,1.261125564575195,0.5749042788804914,0.2334472090005874,,47700,500.0,1.6911423206329346,1.6619281768798828,
14.0,KNN,0.3,0.5,4.0,1.2924879789352417,0.9703809022903442,0.7613575433202854,0.1767400950193405,0.5869188368722964,47700,500.0,1.3001174926757812,1.2848131656646729,
14.0,Regression,0.3,0.5,4.0,1.3469521671672362,0.9199792658882092,0.7556774945256322,0.170275778844163,0.6498440841022625,47700,500.0,1.3533486257684644,1.340525187530483,
14.0,RandomForest,0.3,0.5,4.0,1.272572056058899,0.950477798701276,0.769762583604183,0.1738983585045841,0.5918328390142191,47700,500.0,1.2805418941910232,1.264551989024418,
14.0,MissForest,0.3,0.5,4.0,1.2847538220015708,0.9574019937421931,0.7647561935807029,0.1752550937468069,0.5839794473110496,47700,500.0,1.289177400232859,1.280314960087609,
14.0,MICE,0.3,0.5,4.0,1.2379637956619265,0.9263489246368408,0.7837531984601032,0.1685637831687927,0.6109286831292747,47700,500.0,1.242619872093201,1.233290195465088,
14.0,CF,0.3,0.5,4.0,1.974656701087952,1.664525032043457,0.6179701981600343,0.2698754370212555,0.3124866266578939,47700,500.0,1.9851542711257928,1.964102864265442,
14.0,EM_MVN,0.3,0.5,4.0,1.311784267425537,0.999502420425415,0.7543473344868288,0.1800824552774429,0.5825744826168902,47700,500.0,1.3177196979522705,1.3058217763900757,
14.0,DAE,0.3,0.5,4.0,1.273208737373352,0.9463403224945068,0.7761173267358036,0.1738548576831817,0.6184625588342442,47700,500.0,1.2809985876083374,1.2653710842132568,
14.0,VAE,0.3,0.5,4.0,1.4668313264846802,1.1272088289260864,0.6781665325100594,0.2015126645565033,0.3475208321296121,47700,500.0,1.4778673648834229,1.4557116031646729,
5.0,Mean,0.3,0.0,5.0,1.6260007619857788,1.3049354553222656,0.5757180864275017,0.2272396832704544,,47700,500.0,,1.6260007619857788,
5.0,Median,0.3,0.0,5.0,1.67653226852417,1.266460418701172,0.5714237785168608,0.2339163869619369,,47700,500.0,,1.67653226852417,
5.0,KNN,0.3,0.0,5.0,1.2958382368087769,0.9799053072929382,0.7586996155547053,0.1778222024440765,0.5855420423819607,47700,500.0,,1.2958382368087769,
5.0,Regression,0.3,0.0,5.0,1.3679591321942564,0.9283277918572832,0.7479095067746248,0.1719114716366518,0.6463291084970904,47700,500.0,,1.3679591321942564,
5.0,RandomForest,0.3,0.0,5.0,1.289772642643626,0.96536292372528,0.7615391695074717,0.1762686116570166,0.5821977232808694,47700,500.0,,1.289772642643626,
5.0,MissForest,0.3,0.0,5.0,1.2915362704763649,0.968411310145181,0.7608148295941414,0.1768988684430059,0.5790181161631436,47700,500.0,,1.2915362704763649,
5.0,MICE,0.3,0.0,5.0,1.2459272146224976,0.936399221420288,0.7797035380034232,0.1705190688371658,0.6057420351055528,47700,500.0,,1.2459272146224976,
5.0,CF,0.3,0.0,5.0,1.9706354141235352,1.6620756387710571,0.6159939674327685,0.2703407406806946,0.3084806106780724,47700,500.0,,1.9706354141235352,
5.0,EM_MVN,0.3,0.0,5.0,1.322771430015564,1.0119998455047607,0.7484499354044817,0.1821304261684417,0.5769040509526504,47700,500.0,,1.322771430015564,
5.0,DAE,0.3,0.0,5.0,1.2770956754684448,0.9569857120513916,0.7730811798782625,0.1751352846622467,0.6161543964397571,47700,500.0,,1.2770956754684448,
5.0,VAE,0.3,0.0,5.0,1.4582668542861938,1.1300594806671145,0.6808393603950237,0.2010556012392044,0.3590363563161529,47700,500.0,,1.4582668542861938,
3.0,Mean,0.3,0.0,3.0,1.625994324684143,1.3050020933151243,0.5787192158842093,0.2268909364938736,,47700,500.0,,1.625994324684143,
3.0,Median,0.3,0.0,3.0,1.6769652366638184,1.264413356781006,0.5730281971247906,0.2335001528263092,,47700,500.0,,1.6769652366638184,
3.0,KNN,0.3,0.0,3.0,1.290667176246643,0.9738854765892028,0.7623127014220652,0.176839143037796,0.5859311606027133,47700,500.0,,1.290667176246643,
3.0,Regression,0.3,0.0,3.0,1.289360244992844,0.9173328002634252,0.773955606319394,0.1684033046517154,0.6517168301107434,47700,500.0,,1.289360244992844,
3.0,RandomForest,0.3,0.0,3.0,1.2699149360091504,0.9512573264608704,0.7710769401404458,0.1737226659759142,0.5917187323624432,47700,500.0,,1.2699149360091504,
3.0,MissForest,0.3,0.0,3.0,1.277172604279007,0.9561961525117172,0.7681657836070541,0.1746609476321339,0.5859993128077747,47700,500.0,,1.277172604279007,
3.0,MICE,0.3,0.0,3.0,1.240747332572937,0.930612325668335,0.783002825630037,0.1691265255212783,0.6057917347289862,47700,500.0,,1.240747332572937,
3.0,CF,0.3,0.0,3.0,1.9757944345474243,1.668045997619629,0.6202574133023159,0.2704471349716186,0.3136811770740333,47700,500.0,,1.9757944345474243,
3.0,EM_MVN,0.3,0.0,3.0,1.3148024082183838,1.0064514875411987,0.7533435873252964,0.1808986216783523,0.579749163092969,47700,500.0,,1.3148024082183838,
3.0,DAE,0.3,0.0,3.0,1.269198298454285,0.9471867084503174,0.7780835007550593,0.1739523261785507,0.6206003268381478,47700,500.0,,1.269198298454285,
3.0,VAE,0.3,0.0,3.0,1.4424432516098022,1.1187862157821655,0.6911775725991873,0.198710024356842,0.3751541487455014,47700,500.0,,1.4424432516098022,
1.0,Mean,0.3,0.0,1.0,1.6223655939102173,1.300554275512695,0.5765836550996267,0.2264461815357208,,47700,500.0,,1.6223655939102173,
1.0,Median,0.3,0.0,1.0,1.6751705408096311,1.2636258602142334,0.570299913689934,0.2332961708307266,,47700,500.0,,1.6751705408096311,
1.0,KNN,0.3,0.0,1.0,1.2928240299224854,0.973481059074402,0.759216452460698,0.1770742535591125,0.5841733431342465,47700,500.0,,1.2928240299224854,
1.0,Regression,0.3,0.0,1.0,1.3848840925643666,0.9198367044362868,0.7431601325992185,0.1739306955800263,0.6441181083508044,47700,500.0,,1.3848840925643666,
1.0,RandomForest,0.3,0.0,1.0,1.270474112556677,0.950373510846514,0.7688396534905112,0.1737561900634161,0.5933945601766049,47700,500.0,,1.270474112556677,
1.0,MissForest,0.3,0.0,1.0,1.2757709305692622,0.9541742144641552,0.7666748069531287,0.1746426020877809,0.5891525568211489,47700,500.0,,1.2757709305692622,
1.0,MICE,0.3,0.0,1.0,1.2421694993972778,0.9296526312828064,0.7804078703630163,0.1694549620151519,0.6043598518355502,47700,500.0,,1.2421694993972778,
1.0,CF,0.3,0.0,1.0,1.9677536487579343,1.658974051475525,0.6144113296218771,0.2698368430137634,0.3086463810737148,47700,500.0,,1.9677536487579343,
1.0,EM_MVN,0.3,0.0,1.0,1.3127734661102295,1.0009262561798096,0.7519280766613998,0.1804381161928177,0.5817785026462747,47700,500.0,,1.3127734661102295,
1.0,DAE,0.3,0.0,1.0,1.2660918235778809,0.943843424320221,0.7776900796932187,0.1732388436794281,0.6220459525508099,47700,500.0,,1.2660918235778809,
1.0,VAE,0.3,0.0,1.0,1.466273307800293,1.1336288452148438,0.6756717616308423,0.2018357515335083,0.343958573110234,47700,500.0,,1.466273307800293,
12.0,Mean,0.3,0.5,2.0,1.630763053894043,1.3055740594863892,0.5748935604057692,0.2273860871791839,,47700,500.0,1.6337121725082395,1.627808690071106,
12.0,Median,0.3,0.5,2.0,1.6862624883651731,1.26867938041687,0.5688099850630097,0.234582245349884,,47700,500.0,1.6915024518966677,1.6810060739517212,
12.0,KNN,0.3,0.5,2.0,1.2940033674240112,0.9749998450279236,0.760681994283737,0.1771262884140014,0.5872665433089233,47700,500.0,1.2995779514312744,1.2884045839309692,
12.0,Regression,0.3,0.5,2.0,1.4168301444306357,0.9353051719992312,0.7345329223197175,0.1748057095489199,0.6400965663133048,47700,500.0,1.4921005698307543,1.3373298792165715,
12.0,RandomForest,0.3,0.5,2.0,1.279677293717188,0.9571166838952992,0.766781168118287,0.1749458314626069,0.5877890360491427,47700,500.0,1.2870991773982512,1.2722121126806798,
12.0,MissForest,0.3,0.5,2.0,1.2812101909851945,0.9545909130815932,0.7663168255388865,0.1748749392372977,0.5906333717263412,47700,500.0,1.2846585458320072,1.2777525298700958,
12.0,MICE,0.3,0.5,2.0,1.2391026020050049,0.9287529587745668,0.7834014694903205,0.1690635979175567,0.6133299016400354,47700,500.0,1.2415896654129028,1.2366102933883667,
12.0,CF,0.3,0.5,2.0,1.9750263690948489,1.666061282157898,0.6160544595716974,0.2704451084136963,0.3084570180773989,47700,500.0,1.9792546033859253,1.970789194107056,
12.0,EM_MVN,0.3,0.5,2.0,1.314195990562439,1.004284381866455,0.7533350657291907,0.1808402389287948,0.5835234597072902,47700,500.0,1.320888876914978,1.3074688911437988,
12.0,DAE,0.3,0.5,2.0,1.271587371826172,0.9483177661895752,0.7765985750926258,0.1738339215517044,0.6197224683611917,47700,500.0,1.280608296394348,1.262501835823059,
12.0,VAE,0.3,0.5,2.0,1.4547202587127686,1.1227035522460938,0.684367845404518,0.2000070810317993,0.3691691565534682,47700,500.0,1.4598647356033323,1.4495576620101929,
8.0,Mean,0.3,0.25,3.0,1.6265642642974854,1.302857756614685,0.5774986738456682,0.2273176163434982,,47700,500.0,1.6310657262802124,1.62506103515625,
8.0,Median,0.3,0.25,3.0,1.6809269189834597,1.2664366960525513,0.5714357079704184,0.234437346458435,,47700,500.0,1.690998673439026,1.6775562763214111,
8.0,KNN,0.3,0.25,3.0,1.295820713043213,0.9744264483451844,0.7598266089156722,0.1772511303424835,0.5876031184215547,47700,500.0,1.2956557273864746,1.2958757877349854,
8.0,Regression,0.3,0.25,3.0,1.3561622868498115,0.930950168788824,0.7524609712507333,0.1724708703954953,0.6445584088680298,47700,500.0,1.2798973747259292,1.380648072858602,
8.0,RandomForest,0.3,0.25,3.0,1.2804060029960735,0.9578859546035294,0.76640754000024,0.1748683354370951,0.5913013238364649,47700,500.0,1.2858287649609392,1.278593304799269,
8.0,MissForest,0.3,0.25,3.0,1.2907977626180491,0.9647440943099376,0.7621850721086489,0.1763984782018436,0.582114536338223,47700,500.0,1.2829710135941252,1.2933961540838017,
8.0,MICE,0.3,0.25,3.0,1.24344003200531,0.9316344261169434,0.7815198562115301,0.1694058179855346,0.6096020980723517,47700,500.0,1.24328875541687,1.2434903383255005,
8.0,CF,0.3,0.25,3.0,1.9743508100509644,1.664952516555786,0.6158278776020379,0.2699419260025024,0.3113766762333004,47700,500.0,1.9704710245132449,1.975642442703247,
8.0,EM_MVN,0.3,0.25,3.0,1.317951798439026,1.0076408386230469,0.7516483281846164,0.1812882125377655,0.5794031183920276,47700,500.0,1.3081129789352417,1.3212151527404783,
8.0,DAE,0.3,0.25,3.0,1.2814048528671265,0.955478847026825,0.7726332108028193,0.1752169579267501,0.614398471272483,47700,500.0,1.2800363302230835,1.2818607091903689,
8.0,VAE,0.3,0.25,3.0,1.4709711074829102,1.132636547088623,0.6753971098849132,0.2019997537136078,0.3392760206904132,47700,500.0,1.472247838973999,1.4705452919006348,
2.0,Mean,0.3,0.0,2.0,1.6206647157669067,1.2975525856018066,0.5778916080638751,0.226222887635231,,47700,500.0,,1.6206647157669067,
2.0,Median,0.3,0.0,2.0,1.6749401092529297,1.260001540184021,0.5706052193141735,0.233248621225357,,47700,500.0,,1.6749401092529297,
2.0,KNN,0.3,0.0,2.0,1.2966530323028564,0.976860523223877,0.7575884029198732,0.1774709522724151,0.5796721324629631,47700,500.0,,1.2966530323028564,
2.0,Regression,0.3,0.0,2.0,1.2962154938290944,0.9212501919352132,0.7694784640769727,0.1713662643432225,0.6403717006200936,47700,500.0,,1.2962154938290944,
2.0,RandomForest,0.3,0.0,2.0,1.2716963731814568,0.9519178804702856,0.7683081207675209,0.1741148210221566,0.5876895777785155,47700,500.0,,1.2716963731814568,
2.0,MissForest,0.3,0.0,2.0,1.2835834988603223,0.9593635580585768,0.763460994395844,0.1756123695452104,0.5792757076972012,47700,500.0,,1.2835834988603223,
2.0,MICE,0.3,0.0,2.0,1.2453644275665283,0.932141125202179,0.7791813508702934,0.1696178913116455,0.5989464268987372,47700,500.0,,1.2453644275665283,
2.0,CF,0.3,0.0,2.0,1.967849612236023,1.6599671840667725,0.6149930770134017,0.2695532143115997,0.3083411885977677,47700,500.0,,1.967849612236023,
2.0,EM_MVN,0.3,0.0,2.0,1.3159695863723757,1.0062483549118042,0.7506129244066242,0.1811375021934509,0.5766404157544209,47700,500.0,,1.3159695863723757,
2.0,DAE,0.3,0.0,2.0,1.2773587703704834,0.9525607824325562,0.7729034515905017,0.1749812066555023,0.6111245211171005,47700,500.0,,1.2773587703704834,
2.0,VAE,0.3,0.0,2.0,1.464502453804016,1.1274285316467283,0.6766492214662934,0.2013448476791381,0.344814070900731,47700,500.0,,1.464502453804016,
20.0,Mean,0.3,0.75,5.0,1.6254830360412598,1.305081844329834,0.5750803930920662,0.2270117551088333,,47700,500.0,1.6276943683624268,1.6188308000564575,
20.0,Median,0.3,0.75,5.0,1.6817117929458618,1.2706717252731323,0.5686857101663187,0.2342708706855774,,47700,500.0,1.6832470893859863,1.6770976781845093,
20.0,KNN,0.3,0.75,5.0,1.301133155822754,0.9805709719657898,0.755937389613858,0.1782512813806533,0.5788447595095497,47700,500.0,1.3034155368804932,1.294261813163757,
20.0,Regression,0.3,0.75,5.0,1.4095227225415297,0.9249161669974504,0.7376923549658652,0.1728548166582229,0.6467244908009724,47700,500.0,1.451332699822811,1.275898665536818,
20.0,RandomForest,0.3,0.75,5.0,1.2728965959596574,0.9540087026112944,0.7680238942432175,0.1745132300189551,0.5918120814027259,47700,500.0,1.2765341651200008,1.2619209768709292,
20.0,MissForest,0.3,0.75,5.0,1.2850884595144092,0.9623963302852974,0.7631401459514513,0.1759851204578603,0.5845878342690055,47700,500.0,1.2874678440095144,1.277923725045023,
20.0,MICE,0.3,0.75,5.0,1.238592505455017,0.9278014302253724,0.7822686657430729,0.1692809164524078,0.6098567988646717,47700,500.0,1.2433644533157349,1.2241647243499756,
20.0,CF,0.3,0.75,5.0,1.968530774116516,1.659188985824585,0.6163314093583232,0.2693104147911072,0.3120042616153726,47700,500.0,1.970926642417908,1.9613252878189087,
20.0,EM_MVN,0.3,0.75,5.0,1.3155980110168457,1.0074440240859983,0.7512504744909907,0.1812400221824646,0.5787381288599489,47700,500.0,1.320500373840332,1.3007797002792358,
20.0,DAE,0.3,0.75,5.0,1.2639418840408323,0.944006621837616,0.7785757020792342,0.1734415888786316,0.6221394750242268,47700,500.0,1.2679147720336914,1.2519474029541016,
20.0,VAE,0.3,0.75,5.0,1.438996195793152,1.1158158779144287,0.6907191442929327,0.198404312133789,0.3830792314883229,47700,500.0,1.440624117851257,1.4341014623641968,
18.0,Mean,0.3,0.75,3.0,1.6288650035858154,1.3065428733825684,0.5744892211773392,0.2274964302778244,,47700,500.0,1.6251699924468994,1.6399004459381104,
18.0,Median,0.3,0.75,3.0,1.685456156730652,1.2722234725952148,0.5681690360790206,0.2348550111055374,,47700,500.0,1.680609941482544,1.6999123096466064,
18.0,KNN,0.3,0.75,3.0,1.2989170551300049,0.9784045815467834,0.7578149822985032,0.1776400506496429,0.5844256078857105,47700,500.0,1.3001962900161743,1.2950719594955444,
18.0,Regression,0.3,0.75,3.0,1.3596012488689788,0.9247447198186124,0.7501228731254015,0.1716871444080547,0.6441665718306244,47700,500.0,1.3636288883203702,1.3474460985578611,
18.0,RandomForest,0.3,0.75,3.0,1.2776594708488518,0.9582207662415548,0.7668791907764414,0.1746119693519742,0.588798013804545,47700,500.0,1.2783577527087338,1.2755623317060991,
18.0,MissForest,0.3,0.75,3.0,1.2909669482999335,0.9625433688199716,0.7615751946062821,0.1762394700593477,0.5803068151815128,47700,500.0,1.288792154356623,1.2974694582215864,
18.0,MICE,0.3,0.75,3.0,1.2470276355743408,0.933400332927704,0.7795221743628525,0.1700430214405059,0.6054088831543417,47700,500.0,1.2500954866409302,1.2377781867980957,
18.0,CF,0.3,0.75,3.0,1.9719504117965696,1.6648521423339844,0.6156168740441197,0.2703723609447479,0.3108628597077577,47700,500.0,1.9643964767456048,1.99444043636322,
18.0,EM_MVN,0.3,0.75,3.0,1.3160202503204346,1.0072261095046997,0.7516501688716423,0.1810324341058731,0.5810228247736291,47700,500.0,1.3144749402999878,1.320645093917847,
18.0,DAE,0.3,0.75,3.0,1.2713443040847778,0.9483832120895386,0.7758417723207512,0.1739009767770767,0.6190185715086793,47700,500.0,1.2731788158416748,1.2658246755599976,
18.0,VAE,0.3,0.75,3.0,1.4712951183319092,1.1346290111541748,0.6749454658909328,0.2022589296102523,0.3457345819008326,47700,500.0,1.4698742628097534,1.475549578666687,
24.0,Mean,0.3,1.0,4.0,1.622063398361206,1.3009812831878662,0.5752693608300365,0.2261963784694671,,47700,500.0,1.622063398361206,,
24.0,Median,0.3,1.0,4.0,1.6764566898345947,1.2640793323516846,0.5690608900538006,0.2331739217042923,,47700,500.0,1.6764566898345947,,
24.0,KNN,0.3,1.0,4.0,1.287613034248352,0.9718579649925232,0.7606852627305265,0.176471009850502,0.5887996118537178,47700,500.0,1.287613034248352,,
24.0,Regression,0.3,1.0,4.0,1.354729771543512,0.921780586094192,0.7521647389164362,0.1712018721266963,0.6489961478412803,47700,500.0,1.354729771543512,,
24.0,RandomForest,0.3,1.0,4.0,1.2648021017729043,0.94949322551917,0.7704265293495435,0.1731577034216667,0.5965677264014455,47700,500.0,1.2648021017729043,,
24.0,MissForest,0.3,1.0,4.0,1.2749972486959509,0.9554247823973898,0.7663927467165207,0.1744153340889656,0.5913252545657013,47700,500.0,1.2749972486959509,,
24.0,MICE,0.3,1.0,4.0,1.2340790033340454,0.925749659538269,0.7829924195537321,0.1684472113847732,0.6112930693848312,47700,500.0,1.2340790033340454,,
24.0,CF,0.3,1.0,4.0,1.96503746509552,1.6565611362457275,0.6168824030066598,0.269540011882782,0.3142581291898187,47700,500.0,1.96503746509552,,
24.0,EM_MVN,0.3,1.0,4.0,1.307681441307068,1.0013325214385986,0.7535648249058087,0.1800735145807266,0.5820658549315454,47700,500.0,1.307681441307068,,
24.0,DAE,0.3,1.0,4.0,1.2721339464187622,0.9504092931747437,0.7743579309455723,0.1741472333669662,0.615531854581302,47700,500.0,1.2721339464187622,,
24.0,VAE,0.3,1.0,4.0,1.4589327573776243,1.127678155899048,0.6787445780497434,0.2007941901683807,0.3476101129694182,47700,500.0,1.4589327573776243,,
4.0,Mean,0.3,0.0,4.0,1.6265305280685425,1.3036203384399414,0.5791954782057884,0.2270390838384628,,47700,500.0,,1.6265305280685425,
4.0,Median,0.3,0.0,4.0,1.6811784505844116,1.2642453908920288,0.5715480623009733,0.233981966972351,,47700,500.0,,1.6811784505844116,
4.0,KNN,0.3,0.0,4.0,1.2900317907333374,0.9721466302871704,0.7629583337036483,0.176540344953537,0.5888263915383681,47700,500.0,,1.2900317907333374,
4.0,Regression,0.3,0.0,4.0,1.3164477883427703,0.9195623218851732,0.7653820066575128,0.170040214927928,0.6465195834173617,47700,500.0,,1.3164477883427703,
4.0,RandomForest,0.3,0.0,4.0,1.278159093123752,0.954546424448252,0.7681248944831784,0.1740919518318556,0.5920784711424033,47700,500.0,,1.278159093123752,
4.0,MissForest,0.3,0.0,4.0,1.2790833842433411,0.9552650074647564,0.767852641881921,0.1745715996640584,0.5898394686288725,47700,500.0,,1.2790833842433411,
4.0,MICE,0.3,0.0,4.0,1.243091106414795,0.929990530014038,0.7824855276805255,0.1693435311317443,0.6054931399686121,47700,500.0,,1.243091106414795,
4.0,CF,0.3,0.0,4.0,1.9772520065307613,1.6701269149780271,0.6182440652282095,0.2706612050533294,0.3118640890396678,47700,500.0,,1.9772520065307613,
4.0,EM_MVN,0.3,0.0,4.0,1.3137370347976685,1.003639817237854,0.7543048715254292,0.1804936230182647,0.5822612308564358,47700,500.0,,1.3137370347976685,
4.0,DAE,0.3,0.0,4.0,1.2724469900131226,0.9486494660377502,0.7768312954280396,0.1740398406982422,0.6169185559129063,47700,500.0,,1.2724469900131226,
4.0,VAE,0.3,0.0,4.0,1.457943558692932,1.1255046129226685,0.6838450206523821,0.200462058186531,0.3596268375596287,47700,500.0,,1.457943558692932,
17.0,Mean,0.3,0.75,2.0,1.6177098751068115,1.2982648611068726,0.5790662168834103,0.2259829640388488,,47700,500.0,1.6134470701217651,1.6304312944412231,
17.0,Median,0.3,0.75,2.0,1.669691801071167,1.2587368488311768,0.5729548526988518,0.2327664941549301,,47700,500.0,1.664133906364441,1.686255693435669,
17.0,KNN,0.3,0.75,2.0,1.2928649187088013,0.9717357158660888,0.7588648725299364,0.1770702302455902,0.5827626534600857,47700,500.0,1.2922576665878296,1.294685125350952,
17.0,Regression,0.3,0.75,2.0,1.32965832678063,0.9202572103220712,0.7595417882488927,0.1696759266986585,0.6483361204897609,47700,500.0,1.335324384747519,1.3125134004665395,
17.0,RandomForest,0.3,0.75,2.0,1.2707440832686894,0.9484628181714124,0.7683457781237895,0.1732644567521826,0.5924906257036819,47700,500.0,1.2727808360398136,1.2646141430803732,
17.0,MissForest,0.3,0.75,2.0,1.2816897898315636,0.9533502415427888,0.7640302833728096,0.174846346518763,0.5849399400496149,47700,500.0,1.2841359003172388,1.2743232862908902,
17.0,MICE,0.3,0.75,2.0,1.242163062095642,0.9265740513801576,0.7801650704867368,0.1690805107355117,0.6069511323119328,47700,500.0,1.243008732795715,1.239622950553894,
17.0,CF,0.3,0.75,2.0,1.9662489891052248,1.659366011619568,0.6163996694051327,0.2697311639785766,0.311845989026295,47700,500.0,1.963654637336731,1.9740115404129028,
17.0,EM_MVN,0.3,0.75,2.0,1.3085821866989136,0.9978160262107848,0.7535257660953376,0.179611936211586,0.5827585622010412,47700,500.0,1.3061683177947998,1.3157974481582642,
17.0,DAE,0.3,0.75,2.0,1.2712736129760742,0.9437812566757202,0.7747700121424592,0.1736767888069152,0.6181234704491385,47700,500.0,1.2724754810333252,1.2676610946655271,
17.0,VAE,0.3,0.75,2.0,1.4485522508621216,1.1167765855789185,0.6844966602412639,0.1993187367916107,0.366387854219553,47700,500.0,1.4464422464370728,1.4548639059066772,
9.0,Mean,0.3,0.25,4.0,1.6180274486541748,1.296082615852356,0.5807956277046739,0.2257163822650909,,47700,500.0,1.6302871704101562,1.6139200925827026,
9.0,Median,0.3,0.25,4.0,1.672107815742493,1.256933093070984,0.574540242077183,0.2325672358274459,,47700,500.0,1.688544511795044,1.666592717170715,
9.0,KNN,0.3,0.25,4.0,1.282359004020691,0.9649094343185424,0.7641747617387179,0.1755491197109222,0.5898462278548229,47700,500.0,1.2837591171264648,1.281891942024231,
9.0,Regression,0.3,0.25,4.0,1.313142240970827,0.9164361098402808,0.7655309523515195,0.1698709045926409,0.6471072731697134,47700,500.0,1.30973151280978,1.3142771834029217,
9.0,RandomForest,0.3,0.25,4.0,1.266816109700627,0.9463847907214368,0.7708093119626241,0.1731873299305605,0.5920025401842776,47700,500.0,1.2635882320614524,1.2678902427502596,
9.0,MissForest,0.3,0.25,4.0,1.2720206166793608,0.949305019328014,0.7687863001382741,0.17377971732723,0.5910646317728865,47700,500.0,1.2677040827992958,1.2734562098849156,
9.0,MICE,0.3,0.25,4.0,1.233588695526123,0.9240164160728456,0.7843804404393399,0.1682112514972686,0.6115176246292928,47700,500.0,1.2453218698501587,1.2296526432037354,
9.0,CF,0.3,0.25,4.0,1.9695405960083008,1.6622110605239868,0.6193589062829234,0.2695069909095764,0.3080467565122149,47700,500.0,1.967873215675354,1.9700959920883176,
9.0,EM_MVN,0.3,0.25,4.0,1.303094506263733,0.9957371354103088,0.7567417560711501,0.1792635470628738,0.5837547493512659,47700,500.0,1.304693341255188,1.3025610446929932,
9.0,DAE,0.3,0.25,4.0,1.2629547119140625,0.9447599053382874,0.7786913725608035,0.1729611456394195,0.6198745859625487,47700,500.0,1.2685719728469849,1.261076807975769,
9.0,VAE,0.3,0.25,4.0,1.455256104469299,1.1221853494644165,0.6822549792926145,0.2000931650400161,0.3396356303444975,47700,500.0,1.4595657587051392,1.4538167715072632,
21.0,Mean,0.3,1.0,1.0,1.6222769021987915,1.3000794649124146,0.576310371620778,0.2266367673873901,,47700,500.0,1.6222769021987915,,
21.0,Median,0.3,1.0,1.0,1.6756372451782229,1.263109803199768,0.5700696337013222,0.2334745079278946,,47700,500.0,1.6756372451782229,,
21.0,KNN,0.3,1.0,1.0,1.2962560653686523,0.976718008518219,0.7575140029813227,0.1777595281600952,0.5830428620541346,47700,500.0,1.2962560653686523,,
21.0,Regression,0.3,1.0,1.0,1.3258743369126744,0.9260729091533536,0.759573384758676,0.1715998212453474,0.6433560952767168,47700,500.0,1.3258743369126744,,
21.0,RandomForest,0.3,1.0,1.0,1.2796703440503598,0.957563866327898,0.764744858338371,0.1751527837067715,0.5892601769666895,47700,500.0,1.2796703440503598,,
21.0,MissForest,0.3,1.0,1.0,1.2786497474935643,0.9577929922102928,0.7652483932719195,0.1752646808227459,0.5882171460041842,47700,500.0,1.2786497474935643,,
21.0,MICE,0.3,1.0,1.0,1.2485603094100952,0.9341403245925904,0.7776911972237798,0.1704374253749847,0.603630221054026,47700,500.0,1.2485603094100952,,
21.0,CF,0.3,1.0,1.0,1.9669808149337769,1.6585304737091064,0.6131270221001216,0.2698632776737213,0.3082660478025001,47700,500.0,1.9669808149337769,,
21.0,EM_MVN,0.3,1.0,1.0,1.3121906518936155,1.0051578283309937,0.7519373837922501,0.1808418929576873,0.5790869065940881,47700,500.0,1.3121906518936155,,
21.0,DAE,0.3,1.0,1.0,1.273240327835083,0.9519028663635254,0.7738104767741308,0.1745927482843399,0.6166901764331886,47700,500.0,1.273240327835083,,
21.0,VAE,0.3,1.0,1.0,1.4538052082061768,1.1249911785125732,0.6818952052383126,0.2002370506525039,0.3598079952401665,47700,500.0,1.4538052082061768,,
6.0,Mean,0.3,0.25,1.0,1.6233763694763184,1.301983118057251,0.5792358488892739,0.2264220267534256,,47700,500.0,1.6170943975448608,1.625464916229248,
6.0,Median,0.3,0.25,1.0,1.6773699522018433,1.2641643285751345,0.5725432969747833,0.2332905381917953,,47700,500.0,1.6648499965667725,1.6815223693847656,
6.0,KNN,0.3,0.25,1.0,1.2912863492965698,0.9738529920578004,0.7614009311343668,0.1766059845685959,0.5870274419925565,47700,500.0,1.2916648387908936,1.291160225868225,
6.0,Regression,0.3,0.25,1.0,1.3417605877387884,0.9208511930877036,0.756748172263728,0.1716659860351075,0.6420988284027251,47700,500.0,1.3624043217585655,1.3348083961490678,
6.0,RandomForest,0.3,0.25,1.0,1.271280123094035,0.9526760239520954,0.7699192859266176,0.1735823967783896,0.5903916973587018,47700,500.0,1.2666141273506542,1.2728316539500524,
6.0,MissForest,0.3,0.25,1.0,1.2764527221778652,0.9557971613950692,0.7678476703830919,0.1743242856928471,0.5892571855648169,47700,500.0,1.2700175324155505,1.2785905880015236,
6.0,MICE,0.3,0.25,1.0,1.2322752475738523,0.9247190952301024,0.7857615682220207,0.1679092943668365,0.6133326837996227,47700,500.0,1.2341903448104858,1.2316361665725708,
6.0,CF,0.3,0.25,1.0,1.9734176397323608,1.6642986536026,0.6200901481177202,0.2698943018913269,0.3155239535934854,47700,500.0,1.9788669347763064,1.9715975522994995,
6.0,EM_MVN,0.3,0.25,1.0,1.3083794116973877,1.0020989179611206,0.75530329176614,0.1803648024797439,0.5818789003724182,47700,500.0,1.2996737957000732,1.311268329620361,
6.0,DAE,0.3,0.25,1.0,1.2745167016983032,0.9501721262931824,0.7755429809096007,0.1739366501569748,0.6185724288128972,47700,500.0,1.2771904468536377,1.273624062538147,
6.0,VAE,0.3,0.25,1.0,1.4604953527450562,1.1287518739700315,0.6809165547701794,0.2007652521133422,0.3485740360804673,47700,500.0,1.4524915218353271,1.463153600692749,
10.0,Mean,0.3,0.25,5.0,1.6310293674468994,1.3064031600952148,0.5715526144835964,0.2273914515972137,,47700,500.0,1.6271700859069824,1.6323137283325195,
10.0,Median,0.3,0.25,5.0,1.6867765188217163,1.2709215879440308,0.5662438902645761,0.2345350980758667,,47700,500.0,1.6797093152999878,1.689125657081604,
10.0,KNN,0.3,0.25,5.0,1.3038512468338013,0.978176772594452,0.7550528535437157,0.1777026057243347,0.5828921488100537,47700,500.0,1.3040566444396973,1.3037828207015991,
10.0,Regression,0.3,0.25,5.0,1.2844526715870612,0.92377176424993,0.7735611752907094,0.1698685435827275,0.6456625362861288,47700,500.0,1.2933981462033646,1.2814569699611786,
10.0,RandomForest,0.3,0.25,5.0,1.2772516341383666,0.9547553524499656,0.7664851993147839,0.1742568862685616,0.5940625923468748,47700,500.0,1.2768765505212236,1.2773766375356344,
10.0,MissForest,0.3,0.25,5.0,1.2839746691733236,0.9599632139428628,0.763791985639375,0.1750899046024093,0.5902903578842821,47700,500.0,1.2804934254015772,1.2851329881661169,
10.0,MICE,0.3,0.25,5.0,1.247390866279602,0.9311800599098206,0.7788028823374884,0.1697490811347961,0.6091136136192392,47700,500.0,1.2347328662872314,1.2515816688537598,
10.0,CF,0.3,0.25,5.0,1.9695167541503904,1.6596810817718506,0.6125738299674822,0.2698322236537933,0.3120261913386856,47700,500.0,1.9740585088729856,1.9680005311965945,
10.0,EM_MVN,0.3,0.25,5.0,1.3185620307922363,1.0082128047943115,0.7502386553784518,0.1812557131052017,0.5815264484265137,47700,500.0,1.312861680984497,1.3204567432403564,
10.0,DAE,0.3,0.25,5.0,1.282026767730713,0.954716980457306,0.7717257463856264,0.1749556213617324,0.6170955465782472,47700,500.0,1.2765140533447266,1.2838590145111084,
10.0,VAE,0.3,0.25,5.0,1.468508243560791,1.1327985525131226,0.6755675480138662,0.2015364468097686,0.3480291621393269,47700,500.0,1.466194987297058,1.4692784547805786,
22.0,Mean,0.3,1.0,2.0,1.625066876411438,1.301075458526611,0.5742911402987217,0.2270983755588531,,47700,500.0,1.625066876411438,,
22.0,Median,0.3,1.0,2.0,1.678559422492981,1.2650537490844729,0.5683358320832655,0.2341957092285156,,47700,500.0,1.678559422492981,,
22.0,KNN,0.3,1.0,2.0,1.2903989553451538,0.973042607307434,0.7599670591787329,0.1767076104879379,0.5881155428529737,47700,500.0,1.2903989553451538,,
22.0,Regression,0.3,1.0,2.0,1.2668252933715094,0.9115813456464286,0.7790395415860287,0.1677302813407425,0.6531407189501875,47700,500.0,1.2668252933715094,,
22.0,RandomForest,0.3,1.0,2.0,1.2701465077375471,0.9537078613549792,0.7686794689908069,0.1736328476504501,0.592360098568026,47700,500.0,1.2701465077375471,,
22.0,MissForest,0.3,1.0,2.0,1.2769020980274066,0.9567762224572812,0.7660285851510581,0.1746737928403985,0.5861441903905593,47700,500.0,1.2769020980274066,,
22.0,MICE,0.3,1.0,2.0,1.2373559474945068,0.9271329641342164,0.7821951749934273,0.1688490360975265,0.6110271604173827,47700,500.0,1.2373559474945068,,
22.0,CF,0.3,1.0,2.0,1.9668480157852173,1.6584103107452393,0.6180203201172142,0.2697290182113647,0.3145447156353005,47700,500.0,1.9668480157852173,,
22.0,EM_MVN,0.3,1.0,2.0,1.3085289001464844,0.9993913769721984,0.7537175568707895,0.1800577640533447,0.5843011145817826,47700,500.0,1.3085289001464844,,
22.0,DAE,0.3,1.0,2.0,1.2623316049575806,0.9412153363227844,0.7786690268470168,0.1728386878967285,0.6256176767788884,47700,500.0,1.2623316049575806,,
22.0,VAE,0.3,1.0,2.0,1.45498788356781,1.1241780519485474,0.681474117247628,0.2002894282341003,0.3584925895313103,47700,500.0,1.45498788356781,,
19.0,Mean,0.3,0.75,4.0,1.6191518306732178,1.2969878911972046,0.5787635833633231,0.2261726409196853,,47700,500.0,1.6132632493972778,1.636690378189087,
19.0,Median,0.3,0.75,4.0,1.6695903539657593,1.2579761743545532,0.5730989764051811,0.2326690405607223,,47700,500.0,1.663636565208435,1.6873258352279663,
19.0,KNN,0.3,0.75,4.0,1.286877989768982,0.9684746861457824,0.7616452570483676,0.1762261986732483,0.589254772546363,47700,500.0,1.2848745584487915,1.2928696870803833,
19.0,Regression,0.3,0.75,4.0,1.373268406619291,0.9202682425455156,0.7471536795765971,0.1722900234584935,0.6449769290288468,47700,500.0,1.4002138990481254,1.2890568556941486,
19.0,RandomForest,0.3,0.75,4.0,1.2671980255223556,0.9472525971110752,0.7701177332348355,0.1732927970651148,0.5937789231548366,47700,500.0,1.2667693585012083,1.268483157412165,
19.0,MissForest,0.3,0.75,4.0,1.2780806571114485,0.9552919752658752,0.7657164996624072,0.1748619387687295,0.5845785128241321,47700,500.0,1.2760785683885292,1.284068193760819,
19.0,MICE,0.3,0.75,4.0,1.2364391088485718,0.9264246225357056,0.7825807710584662,0.1685557216405868,0.6058024160141081,47700,500.0,1.2306629419326782,1.253608226776123,
19.0,CF,0.3,0.75,4.0,1.96738862991333,1.660907745361328,0.6142202322920559,0.2695466876029968,0.3065165156841462,47700,500.0,1.96356999874115,1.978800058364868,
19.0,EM_MVN,0.3,0.75,4.0,1.309574842453003,1.0018603801727295,0.7532783802939258,0.1799755245447158,0.582225823564188,47700,500.0,1.3050096035003662,1.323176026344299,
19.0,DAE,0.3,0.75,4.0,1.2593683004379272,0.9403808116912842,0.7791608221959428,0.1725355833768844,0.6230546873734873,47700,500.0,1.2612347602844238,1.2537521123886108,
19.0,VAE,0.3,0.75,4.0,1.4524966478347778,1.1210572719573977,0.6830115582071591,0.2000313550233841,0.3635208481621926,47700,500.0,1.4479475021362305,1.4660588502883911,
11.0,Mean,0.3,0.5,1.0,1.6189957857131958,1.2997697591781616,0.5812969513206925,0.2262734621763229,,47700,500.0,1.616420030593872,1.6215674877166748,
11.0,Median,0.3,0.5,1.0,1.6685389280319214,1.2574501037597656,0.574887846846779,0.2327173203229904,,47700,500.0,1.6643080711364746,1.6727592945098877,
11.0,KNN,0.3,0.5,1.0,1.2869783639907837,0.9724602103233336,0.7627213640990652,0.1766282320022583,0.5844147380710502,47700,500.0,1.2814933061599731,1.2924401760101318,
11.0,Regression,0.3,0.5,1.0,1.3154312368944352,0.9199802340739128,0.764616243029381,0.1696145409693469,0.6500691764569444,47700,500.0,1.2931217457614237,1.3373686210743003,
11.0,RandomForest,0.3,0.5,1.0,1.2685128901184566,0.9541428226352148,0.7705660016909451,0.1738502341838607,0.587693752106727,47700,500.0,1.265249988241316,1.2717674205800007,
11.0,MissForest,0.3,0.5,1.0,1.273366729362332,0.9556276723896115,0.7686144535859742,0.1745369660204668,0.584659234926169,47700,500.0,1.273902798699375,1.2728304342526326,
11.0,MICE,0.3,0.5,1.0,1.236864447593689,0.9298688769340516,0.7834079262873058,0.1691123396158218,0.604736693801148,47700,500.0,1.239179611206055,1.2345449924468994,
11.0,CF,0.3,0.5,1.0,1.97168231010437,1.6639946699142456,0.6227564959897585,0.270257294178009,0.3169083606671612,47700,500.0,1.9752392768859863,1.9681187868118288,
11.0,EM_MVN,0.3,0.5,1.0,1.3142693042755127,1.005562424659729,0.7524413994155207,0.1811586618423462,0.5762723174070717,47700,500.0,1.3140243291854858,1.31451416015625,
11.0,DAE,0.3,0.5,1.0,1.2663803100585938,0.94782692193985,0.7776923266799849,0.1736562401056289,0.6172767233018958,47700,500.0,1.2630736827850342,1.269678235054016,
11.0,VAE,0.3,0.5,1.0,1.451783299446106,1.123576283454895,0.6845685213297663,0.2000147104263305,0.3555746395775561,47700,500.0,1.4538480043411257,1.4497156143188477,
23.0,Mean,0.3,1.0,3.0,1.6221843957901,1.3013176918029783,0.5820066116990584,0.2267458289861679,,47700,500.0,1.6221843957901,,
23.0,Median,0.3,1.0,3.0,1.6720986366271973,1.2611165046691897,0.5761701225961744,0.2332490086555481,,47700,500.0,1.6720986366271973,,
23.0,KNN,0.3,1.0,3.0,1.2932164669036863,0.9753150939941406,0.7614861257269078,0.1774076223373413,0.5790490950059347,47700,500.0,1.2932164669036863,,
23.0,Regression,0.3,1.0,3.0,1.3398647536407713,0.9247223248094272,0.7591577499901938,0.171899123904705,0.6428143284991591,47700,500.0,1.3398647536407713,,
23.0,RandomForest,0.3,1.0,3.0,1.2724621874990765,0.9524636638189092,0.7703033207658688,0.1745882502066576,0.5893383015669241,47700,500.0,1.2724621874990765,,
23.0,MissForest,0.3,1.0,3.0,1.2893281325268913,0.9636470090035144,0.7634006992612891,0.1766099923129064,0.5787292996792964,47700,500.0,1.2893281325268913,,
23.0,MICE,0.3,1.0,3.0,1.238373041152954,0.9273237586021424,0.7841682501490019,0.1693425774574279,0.6064573781363036,47700,500.0,1.238373041152954,,
23.0,CF,0.3,1.0,3.0,1.9768610000610352,1.6680576801300049,0.6182740977030778,0.2709023356437683,0.3073085779912572,47700,500.0,1.9768610000610352,,
23.0,EM_MVN,0.3,1.0,3.0,1.309412717819214,1.0030877590179443,0.7555835442711532,0.1807253807783126,0.5806199342444831,47700,500.0,1.309412717819214,,
23.0,DAE,0.3,1.0,3.0,1.2747901678085327,0.9498760104179382,0.7760230575424604,0.1748500615358352,0.6151649983568092,47700,500.0,1.2747901678085327,,
23.0,VAE,0.3,1.0,3.0,1.4540727138519287,1.122996807098389,0.6852722464515418,0.2006566524505615,0.366986631413301,47700,500.0,1.4540727138519287,,
13.0,Mean,0.3,0.5,3.0,1.621638298034668,1.3007818460464478,0.58126267549473,0.2265622764825821,,47700,500.0,1.6162012815475464,1.6270571947097778,
13.0,Median,0.3,0.5,3.0,1.6735444068908691,1.2630971670150757,0.5760401181337003,0.233381763100624,,47700,500.0,1.6686179637908936,1.6784563064575195,
13.0,KNN,0.3,0.5,3.0,1.2964931726455688,0.9760031700134276,0.7596804714835801,0.177368551492691,0.5801219974263775,47700,500.0,1.2936493158340454,1.2993308305740356,
13.0,Regression,0.3,0.5,3.0,1.3884433592641376,0.9304223288024904,0.7426874193596485,0.1738123790241034,0.6380338125137776,47700,500.0,1.3454699820160072,1.4301260263568425,
13.0,RandomForest,0.3,0.5,3.0,1.27171676286111,0.9510166945717876,0.7701338675677017,0.1737644793036194,0.5905396826768047,47700,500.0,1.2706365064411178,1.2727961024386396,
13.0,MissForest,0.3,0.5,3.0,1.2862917035704764,0.9603772993644716,0.7642694836989398,0.175742001399914,0.5811858351458462,47700,500.0,1.2864755755455148,1.28610780530767,
13.0,MICE,0.3,0.5,3.0,1.2414436340332031,0.9303511381149292,0.7825322372853564,0.1692901998758316,0.6101354253927285,47700,500.0,1.240535855293274,1.242350697517395,
13.0,CF,0.3,0.5,3.0,1.97494637966156,1.6654208898544312,0.6182530723984455,0.2699522078037262,0.310448516784088,47700,500.0,1.9756383895874023,1.974254012107849,
13.0,EM_MVN,0.3,0.5,3.0,1.308780550956726,0.99930077791214,0.7557118348898253,0.1799216419458389,0.5836677434314621,47700,500.0,1.3074536323547363,1.3101061582565308,
13.0,DAE,0.3,0.5,3.0,1.2745105028152466,0.9508657455444336,0.7753163783650707,0.1742138713598251,0.6151457037383959,47700,500.0,1.2745306491851809,1.274490237236023,
13.0,VAE,0.3,0.5,3.0,1.4597989320755005,1.127411723136902,0.6818780601731778,0.2009912431240081,0.3506758156851272,47700,500.0,1.4533964395523071,1.4661734104156494,
7.0,Mean,0.3,0.25,2.0,1.6228928565979004,1.3017653226852417,0.5785970220454357,0.2261157631874084,,47700,500.0,1.6108323335647583,1.626893162727356,
7.0,Median,0.3,0.25,2.0,1.6722482442855835,1.2619463205337524,0.5737123000107085,0.2325267046689987,,47700,500.0,1.662875056266785,1.675361156463623,
7.0,KNN,0.3,0.25,2.0,1.2932100296020508,0.9742591977119446,0.7601715149229948,0.1765650808811187,0.5862505471893826,47700,500.0,1.2765313386917114,1.2987220287322998,
7.0,Regression,0.3,0.25,2.0,1.378458193314404,0.929477242126164,0.7461304994077558,0.1722339725681079,0.6458832397344558,47700,500.0,1.2717282549423996,1.4122435116324197,
7.0,RandomForest,0.3,0.25,2.0,1.2789319464408797,0.9565575611273708,0.7662909544151262,0.1743341644360507,0.5876287820865944,47700,500.0,1.254519338030763,1.2869665788220872,
7.0,MissForest,0.3,0.25,2.0,1.2816233154692012,0.9596305094605854,0.7652824476726979,0.1747708307372456,0.5849939478725505,47700,500.0,1.258512078563608,1.2892349978606925,
7.0,MICE,0.3,0.25,2.0,1.2418012619018557,0.932123064994812,0.781530226571186,0.1690054833889007,0.6079384846133048,47700,500.0,1.230995535850525,1.2453824281692505,
7.0,CF,0.3,0.25,2.0,1.9718784093856807,1.6635149717330933,0.6145714933287055,0.2700652182102203,0.3061243568411386,47700,500.0,1.9615519046783447,1.975308537483216,
7.0,EM_MVN,0.3,0.25,2.0,1.3168044090270996,1.0079764127731323,0.7513312852739766,0.1806171834468841,0.5785485457797899,47700,500.0,1.3010073900222778,1.3220281600952148,
7.0,DAE,0.3,0.25,2.0,1.275325894355774,0.9558053016662598,0.7739372179386844,0.174329400062561,0.6151575335265841,47700,500.0,1.2521274089813232,1.2829654216766355,
7.0,VAE,0.3,0.25,2.0,1.4388364553451538,1.1174863576889038,0.6914132202727385,0.1975697875022888,0.3822760075073721,47700,500.0,1.4228477478027344,1.4441266059875488,
16.0,Mean,0.3,0.75,1.0,1.625005841255188,1.3036155700683594,0.5774581547859968,0.2270993441343307,,47700,500.0,1.6272691488265991,1.6181963682174685,
16.0,Median,0.3,0.75,1.0,1.6779680252075195,1.2655029296875,0.5708879351697311,0.2338151037693023,,47700,500.0,1.6784738302230835,1.676449418067932,
16.0,KNN,0.3,0.75,1.0,1.2914546728134155,0.9752542972564696,0.76106348588951,0.176878809928894,0.5889826927731191,47700,500.0,1.2967427968978882,1.2754586935043335,
16.0,Regression,0.3,0.75,1.0,1.3263773595548072,0.9251708147631544,0.7619699359752882,0.1728874398852876,0.6443762238816678,47700,500.0,1.3421196881341169,1.277987413054867,
16.0,RandomForest,0.3,0.75,1.0,1.2666336946143373,0.9486735707239216,0.7715902270696499,0.1732530405724516,0.5978331774014409,47700,500.0,1.269163068201984,1.2590150850032913,
16.0,MissForest,0.3,0.75,1.0,1.277576559673479,0.9580131777764676,0.7671380988063726,0.1748118854661749,0.5894489903447127,47700,500.0,1.2795287171754794,1.2717021070511385,
16.0,MICE,0.3,0.75,1.0,1.236725687980652,0.9257047772407532,0.7837515947529229,0.1685464233160019,0.6123680459206265,47700,500.0,1.2405065298080444,1.2253127098083496,
16.0,CF,0.3,0.75,1.0,1.972501397132873,1.6643497943878174,0.6149191826565021,0.2705587148666382,0.3086504603343344,47700,500.0,1.9787715673446653,1.9535698890686035,
16.0,EM_MVN,0.3,0.75,1.0,1.3115917444229126,1.0031371116638184,0.7536643611596878,0.180119588971138,0.5849452527025949,47700,500.0,1.3133701086044312,1.3062422275543213,
16.0,DAE,0.3,0.75,1.0,1.2748661041259766,0.9524552226066588,0.7754850011937434,0.1743983775377273,0.6194585266128597,47700,500.0,1.2802064418792725,1.258709192276001,
16.0,VAE,0.3,0.75,1.0,1.4676246643066406,1.1342213153839111,0.67678332832465,0.202194944024086,0.3482841290917229,47700,500.0,1.472922682762146,1.4516146183013916,
15.0,Mean,0.3,0.5,5.0,1.6220190525054932,1.2998536825180054,0.5786056801857884,0.2266668677330017,,47700,500.0,1.6256468296051023,1.6183829307556152,
15.0,Median,0.3,0.5,5.0,1.67667555809021,1.2642627954483032,0.573072539293893,0.2338763922452926,,47700,500.0,1.681086778640747,1.6722527742385864,
15.0,KNN,0.3,0.5,5.0,1.293948531150818,0.9731844663619996,0.7595503950301029,0.1776015609502792,0.5821147400819282,47700,500.0,1.2931430339813232,1.2947535514831543,
15.0,Regression,0.3,0.5,5.0,1.3643555860766514,0.9261183170327488,0.7490210988011102,0.1721019053991373,0.6437943723970568,47700,500.0,1.3236453897219784,1.4038857548906454,
15.0,RandomForest,0.3,0.5,5.0,1.2738001823622196,0.9534457878808826,0.7681709872060004,0.1744446435348622,0.5897167979614175,47700,500.0,1.272389407256267,1.275209396716513,
15.0,MissForest,0.3,0.5,5.0,1.284115576910877,0.9567509333495472,0.7640794222678577,0.1755568274094138,0.5840374420455572,47700,500.0,1.2800339712802469,1.2881842500585192,
15.0,MICE,0.3,0.5,5.0,1.2456036806106567,0.933519721031189,0.7798075298617847,0.1704808622598648,0.6016236787604291,47700,500.0,1.244843363761902,1.246363639831543,
15.0,CF,0.3,0.5,5.0,1.9706900119781487,1.662210464477539,0.618279307658764,0.2697722315788269,0.3096259393815377,47700,500.0,1.9752235412597656,1.9661458730697632,
15.0,EM_MVN,0.3,0.5,5.0,1.3120280504226685,1.005085825920105,0.753205508547421,0.1808110773563385,0.5799361423618966,47700,500.0,1.3188475370407104,1.3051728010177612,
15.0,DAE,0.3,0.5,5.0,1.2723456621170044,0.9494856595993042,0.7752993299542081,0.1748441308736801,0.6165557757799235,47700,500.0,1.2734380960464478,1.2712522745132446,
15.0,VAE,0.3,0.5,5.0,1.4571175575256348,1.1258680820465088,0.6816827334731577,0.2011634856462478,0.3585165814140556,47700,500.0,1.4621390104293823,1.4520785808563232,
13.0,SVD,0.3,0.5,3.0,1.2323666159121376,0.9180522888299228,0.7869068012754151,0.1676667553772375,0.6259879498142233,47700,500.0,1.2319089346593608,1.2328241272525078,
13.0,SoftImpute,0.3,0.5,3.0,1.1761020987205253,0.8912521354395959,0.8095041512889393,0.1607912937693203,0.6803586917153354,47700,500.0,1.1730397649910305,1.179156479429018,
13.0,PPCA,0.3,0.5,3.0,1.2308545456920712,0.9173129801423102,0.7873010250977749,0.1674763906010149,0.6261874685039381,47700,500.0,1.2302907312928038,1.2314181019445376,
13.0,MsImpute,0.3,0.5,3.0,1.1718637294492995,0.8844675272079445,0.8099886099900464,0.1600474860846401,0.6766090979828342,47700,500.0,1.1700931672693435,1.1736316205297292,
13.0,LLS,0.3,0.5,3.0,1.2747785017447957,0.9677061881910928,0.7686460980686699,0.175316142358509,0.5876989808543853,47700,500.0,1.27427911622837,1.275277691707048,
7.0,SVD,0.3,0.25,2.0,1.2284944516791625,0.9191904207053204,0.7876390076666109,0.1669901787268108,0.632138896459305,47700,500.0,1.2106460122644391,1.2343865823712,
7.0,SoftImpute,0.3,0.25,2.0,1.1773939808003082,0.894146383969945,0.8084650563509606,0.1606794380744277,0.6820508123486241,47700,500.0,1.160440878251762,1.182991027323181,
7.0,PPCA,0.3,0.25,2.0,1.2270766572630412,0.918511554542576,0.7879986599675973,0.1668107976964432,0.6323216421562923,47700,500.0,1.2092023767042823,1.2329771697497176,
7.0,MsImpute,0.3,0.25,2.0,1.1736023624445264,0.8879322944332901,0.8087641266052703,0.1600173495687576,0.6773352475819793,47700,500.0,1.1555927159889878,1.1795444735567326,
7.0,LLS,0.3,0.25,2.0,1.2724717084115145,0.9664874874611394,0.7687917600673878,0.1747498713046061,0.5896238431850017,47700,500.0,1.2585452806632924,1.2770801033804977,
17.0,SVD,0.3,0.75,2.0,1.2286570079453538,0.911347295828198,0.7865734087332313,0.1668250938115139,0.6304185311014704,47700,500.0,1.2264833725764783,1.2351549631820284,
17.0,SoftImpute,0.3,0.75,2.0,1.1745940209405743,0.8877870292275827,0.8080103549100723,0.1604011281860229,0.6803780080719796,47700,500.0,1.173204445940023,1.1787529173652451,
17.0,PPCA,0.3,0.75,2.0,1.2271130373462795,0.910626541290088,0.7869484566831253,0.1666368942100095,0.6305829091389731,47700,500.0,1.2249719686921454,1.2335139453838029,
17.0,MsImpute,0.3,0.75,2.0,1.17120703542451,0.8815138687632766,0.8082504971484337,0.1597671499472388,0.6756467725413837,47700,500.0,1.170203023430697,1.1742139205325597,
17.0,LLS,0.3,0.75,2.0,1.2736484310445142,0.9613863601077524,0.7668475623270172,0.1748791431020886,0.5882817617277993,47700,500.0,1.2778833212958918,1.2608584199147623,
21.0,SVD,0.3,1.0,1.0,1.230389410356629,0.9177859505301728,0.7858880019984031,0.1678601337694285,0.6296300668970781,47700,500.0,1.230389410356629,,
21.0,SoftImpute,0.3,1.0,1.0,1.179531342064911,0.8939561464444714,0.8062302131541544,0.1615368562254661,0.6789539484929071,47700,500.0,1.179531342064911,,
21.0,PPCA,0.3,1.0,1.0,1.228963991890788,0.9170441374560374,0.7862400117514666,0.1676812513128392,0.6298212533182008,47700,500.0,1.228963991890788,,
21.0,MsImpute,0.3,1.0,1.0,1.1762560331126743,0.8883369001892234,0.806465331120572,0.1609275362704663,0.6738403729401278,47700,500.0,1.1762560331126743,,
21.0,LLS,0.3,1.0,1.0,1.2736313113629272,0.9617566553289936,0.7670175126036173,0.1750530646499978,0.591700238095078,47700,500.0,1.2736313113629272,,
1.0,SVD,0.3,0.0,1.0,1.225479432408888,0.9078576080716502,0.7881635746754626,0.1667103392867965,0.6341049086568954,47700,500.0,,1.225479432408888,
1.0,SoftImpute,0.3,0.0,1.0,1.172903717789737,0.8880842913076005,0.8091182035840228,0.1604699173056996,0.6839216610983889,47700,500.0,,1.172903717789737,
1.0,PPCA,0.3,0.0,1.0,1.2217117659560464,0.9070326936307104,0.7893111969006378,0.1662694729199466,0.6346447114208893,47700,500.0,,1.2217117659560464,
1.0,MsImpute,0.3,0.0,1.0,1.169568675418326,0.8821769423509787,0.8092908324104222,0.159868457080502,0.6784743232115138,47700,500.0,,1.169568675418326,
1.0,LLS,0.3,0.0,1.0,1.2761604915314826,0.9677837881335905,0.7661885355417026,0.1755908699751056,0.587736228127949,47700,500.0,,1.2761604915314826,
6.0,SVD,0.3,0.25,1.0,1.223282689017908,0.9101408088523982,0.7900156507564879,0.1662270439992253,0.6327915290992511,47700,500.0,1.2290016013929066,1.2213704342223133,
6.0,SoftImpute,0.3,0.25,1.0,1.1711095797121522,0.8887677922877383,0.8112388981337015,0.1601367038659853,0.6847273204239694,47700,500.0,1.1660587136286766,1.172788367828986,
6.0,PPCA,0.3,0.25,1.0,1.221954103271765,0.909631870495941,0.7903475356613997,0.1660672028819893,0.6329461033896714,47700,500.0,1.2276040946030136,1.2200649585062708,
6.0,MsImpute,0.3,0.25,1.0,1.1671311990145996,0.8823072162300931,0.8116250586783085,0.1595143877218984,0.6799671229249374,47700,500.0,1.1615635594672642,1.168981186071981,
6.0,LLS,0.3,0.25,1.0,1.277312096751357,0.9671675593308634,0.7672351847077361,0.1753821002031947,0.5890427463146359,47700,500.0,1.2765892741752627,1.277552946729289,
24.0,SVD,0.3,1.0,4.0,1.2233103210583889,0.913292948354746,0.7881486996656709,0.1667815224023577,0.6346328568474666,47700,500.0,1.2233103210583889,,
24.0,SoftImpute,0.3,1.0,4.0,1.17142453046746,0.8911669714754378,0.8089519852889582,0.1604125821575089,0.6841838186776368,47700,500.0,1.17142453046746,,
24.0,PPCA,0.3,1.0,4.0,1.2220025745929384,0.9127224017681912,0.7884581548187968,0.1666192108388366,0.6347955640075755,47700,500.0,1.2220025745929384,,
24.0,MsImpute,0.3,1.0,4.0,1.1672364283030072,0.8846355440867444,0.8094738179776005,0.1597510846584177,0.67890720331278,47700,500.0,1.1672364283030072,,
24.0,LLS,0.3,1.0,4.0,1.266005430680862,0.9619449366298348,0.7696718305726563,0.1740753632311354,0.5958405417179047,47700,500.0,1.266005430680862,,
15.0,SVD,0.3,0.5,5.0,1.228555889566883,0.9146348053364964,0.78736972714501,0.1676204226200262,0.6292990002380559,47700,500.0,1.2275164706459234,1.2295944298312051,
15.0,SoftImpute,0.3,0.5,5.0,1.1769846925558105,0.8920199317813745,0.8081079312423751,0.161508737678038,0.6791044273154019,47700,500.0,1.1766760808916954,1.1772932233215103,
15.0,PPCA,0.3,0.5,5.0,1.2271786735252836,0.9139763825371564,0.787714131289521,0.1674574585412426,0.629454280757271,47700,500.0,1.226100376185629,1.2282560242180816,
15.0,MsImpute,0.3,0.5,5.0,1.17288378761008,0.8858392976172694,0.8086593115173729,0.160835223659673,0.6750716804376704,47700,500.0,1.173867586766004,1.1718991625636108,
15.0,LLS,0.3,0.5,5.0,1.2794150784944824,0.9680377933764664,0.7655445372829446,0.176315197070578,0.5864630252460192,47700,500.0,1.2781744019941996,1.2806545530488913,
8.0,SVD,0.3,0.25,3.0,1.2354460320067848,0.919775773213852,0.7855844460802909,0.1680581928569211,0.6298222347685096,47700,500.0,1.232296311458056,1.236494155906409,
8.0,SoftImpute,0.3,0.25,3.0,1.1801428135993506,0.895266750005698,0.8079068275598905,0.1614759544927983,0.6816059327868422,47700,500.0,1.178334156061044,1.180745083781236,
8.0,PPCA,0.3,0.25,3.0,1.2338725538651358,0.919071242551346,0.7859970705200164,0.1678661962720526,0.6300115388623574,47700,500.0,1.2309189528561115,1.2348555176249436,
8.0,MsImpute,0.3,0.25,3.0,1.1757973544945597,0.8893673462907055,0.8084718196707523,0.1607314723654433,0.6772015461998713,47700,500.0,1.172639804680505,1.176847988459638,
8.0,LLS,0.3,0.25,3.0,1.276729743151264,0.9690325661552148,0.7676870189821687,0.1757008859701146,0.5908465734524159,47700,500.0,1.2740505850178478,1.2776215473819637,
2.0,SVD,0.3,0.0,2.0,1.230684200976976,0.9174403408119864,0.7858789002569765,0.167801324195298,0.6248430021166157,47700,500.0,,1.230684200976976,
2.0,SoftImpute,0.3,0.0,2.0,1.1770318567738598,0.8927830243202081,0.807594982297245,0.1611942475729352,0.6770459973780101,47700,500.0,,1.1770318567738598,
2.0,PPCA,0.3,0.0,2.0,1.229342285930755,0.9168061908479866,0.786209089661434,0.1676328686620431,0.6249801872813059,47700,500.0,,1.229342285930755,
2.0,MsImpute,0.3,0.0,2.0,1.1736469985803346,0.8870390604632391,0.8078109654502826,0.1606188377225946,0.6728598260552457,47700,500.0,,1.1736469985803346,
2.0,LLS,0.3,0.0,2.0,1.272386588937099,0.9649390133982568,0.7677842052165724,0.1749542529284188,0.5886212133491142,47700,500.0,,1.272386588937099,
16.0,SVD,0.3,0.75,1.0,1.235167091293637,0.9207667216443268,0.7853292019867324,0.1678878460635245,0.6294010578438597,47700,500.0,1.2384899842404236,1.225144338626107,
16.0,SoftImpute,0.3,0.75,1.0,1.1757026270956892,0.8925879359602481,0.80922460623542,0.1607586878289337,0.6831213566329855,47700,500.0,1.17877336077088,1.1664419236505497,
16.0,PPCA,0.3,0.75,1.0,1.2332924261571396,0.9199777782736565,0.785840566093648,0.1676564937978774,0.6296623907251074,47700,500.0,1.2367122314843808,1.2229756347356333,
16.0,MsImpute,0.3,0.75,1.0,1.1713478555693466,0.8854628761943092,0.8097588840920151,0.1599396260564302,0.678847045543929,47700,500.0,1.1740743997291798,1.163129875245806,
16.0,LLS,0.3,0.75,1.0,1.275126297504546,0.9644774226151256,0.7678598926711802,0.1753002419253047,0.5925255376485686,47700,500.0,1.274894630504843,1.275821046103397,
9.0,SVD,0.3,0.25,4.0,1.222859816726965,0.9104367440662884,0.7894728517511649,0.1665821817084064,0.6315601542903726,47700,500.0,1.2222089587822962,1.2230766924078968,
9.0,SoftImpute,0.3,0.25,4.0,1.1654048839639288,0.8824472509906139,0.8121932716408479,0.1595162628960919,0.6846890466062407,47700,500.0,1.169397099617122,1.1640711028791693,
9.0,PPCA,0.3,0.25,4.0,1.2212989633888662,0.9096885986550648,0.7898699119100581,0.1663890024196708,0.6317661421302045,47700,500.0,1.220602727679055,1.221530953773628,
9.0,MsImpute,0.3,0.25,4.0,1.162780842321703,0.8769323215188374,0.8121020368510848,0.1590397064715789,0.6793213711854018,47700,500.0,1.1671105006137696,1.161334035845351,
9.0,LLS,0.3,0.25,4.0,1.2674660287350956,0.957962906706324,0.7703092137855482,0.1745177079048846,0.5936078707675432,47700,500.0,1.2756382797217034,1.2647302104004514,
18.0,SVD,0.3,0.75,3.0,1.2308720828544455,0.91787459164731,0.7867462279221464,0.1675760759791892,0.6292362873395837,47700,500.0,1.2324144999723912,1.2262331907819035,
18.0,SoftImpute,0.3,0.75,3.0,1.181804601380616,0.8960599758424801,0.8065914933916764,0.1615734792202491,0.6803431562473524,47700,500.0,1.1812162622044906,1.1835678641668768,
18.0,PPCA,0.3,0.75,3.0,1.2295413211160626,0.91727545226172,0.7870737746671699,0.1674079005742275,0.6294255489981676,47700,500.0,1.2310525878892389,1.22499633423164,
18.0,MsImpute,0.3,0.75,3.0,1.17907930188154,0.8907925114732469,0.8065875154550122,0.1610725441445105,0.674698031485267,47700,500.0,1.1786666134382993,1.1803165014518393,
18.0,LLS,0.3,0.75,3.0,1.276122553011481,0.9671607676363972,0.7672670357366578,0.1755658395095292,0.592871990049254,47700,500.0,1.2778570234360096,1.2709049390823628,
10.0,SVD,0.3,0.25,5.0,1.2365033755629655,0.917987707530075,0.7842419535996918,0.1677330156462629,0.6320073314475183,47700,500.0,1.2278261593203863,1.2393822807623407,
10.0,SoftImpute,0.3,0.25,5.0,1.184448549775967,0.8952413937468783,0.8047626710413477,0.1616371628450933,0.6798481557786433,47700,500.0,1.1799706745764809,1.1859374176019415,
10.0,PPCA,0.3,0.25,5.0,1.2350370160095767,0.9174668593734572,0.7845865119337004,0.1675494621147991,0.6321316832201418,47700,500.0,1.226352416505007,1.2379183433204428,
10.0,MsImpute,0.3,0.25,5.0,1.1798040468262154,0.8885713483728249,0.8055975433849498,0.1609505050902022,0.675984887178522,47700,500.0,1.1744703235900886,1.1815766041799478,
10.0,LLS,0.3,0.25,5.0,1.281721187631672,0.9690800014413482,0.7642495159550118,0.1760276541941323,0.5900171396746494,47700,500.0,1.2829041382798627,1.2813266280539315,
11.0,SVD,0.3,0.5,1.0,1.2215884355320936,0.9136735642439928,0.7902311669212687,0.1668331836228347,0.6311700921372733,47700,500.0,1.2192995778439553,1.223873012661464,
11.0,SoftImpute,0.3,0.5,1.0,1.1685178619717853,0.8890229543703014,0.8119984512672948,0.1603794089504756,0.6819281178948959,47700,500.0,1.1679471446667211,1.1690883006681223,
11.0,PPCA,0.3,0.5,1.0,1.220095396376728,0.912956066680984,0.7906222234290137,0.1666475674028447,0.6313363125968854,47700,500.0,1.2177867173885075,1.222399715097927,
11.0,MsImpute,0.3,0.5,1.0,1.1657527973042507,0.8832984530700733,0.8117966657687421,0.1598767761104998,0.6763874990173899,47700,500.0,1.165298866316159,1.1662065516055231,
11.0,LLS,0.3,0.5,1.0,1.267031182587904,0.9612018076586146,0.7710751559698388,0.1747987631010517,0.5903808153267347,47700,500.0,1.269711964800696,1.264344716342091,
12.0,SVD,0.3,0.5,2.0,1.232345308898673,0.9155698548439676,0.7869607071347299,0.1675332495971988,0.6310563120009134,47700,500.0,1.238892702726867,1.225762942766362,
12.0,SoftImpute,0.3,0.5,2.0,1.1761460661064536,0.8902336001987785,0.8096120267767577,0.1608906261815316,0.6831693048736479,47700,500.0,1.1835394526325396,1.1687059089855074,
12.0,PPCA,0.3,0.5,2.0,1.230904171114278,0.9149180881391974,0.7873228403175384,0.1673588836908493,0.631226505199405,47700,500.0,1.2375302460943731,1.2242422337653016,
12.0,MsImpute,0.3,0.5,2.0,1.1729445803690466,0.8849843471597882,0.8097063806502864,0.1603589783366305,0.6780742598257986,47700,500.0,1.1803423698364002,1.1654998357800088,
12.0,LLS,0.3,0.5,2.0,1.2750530304870091,0.9648999724655763,0.7685618086923108,0.1754901161577315,0.5937195203605414,47700,500.0,1.2842050949997268,1.2658347977066182,
23.0,SVD,0.3,1.0,3.0,1.226629691018368,0.9137291579385598,0.7894860903958386,0.1674556487187941,0.6299599977637931,47700,500.0,1.226629691018368,,
23.0,SoftImpute,0.3,1.0,3.0,1.1733891510132657,0.8892444529431084,0.811275800312548,0.1610866747367334,0.6804733645512476,47700,500.0,1.1733891510132657,,
23.0,PPCA,0.3,1.0,3.0,1.2251904466801622,0.913067804314319,0.789859719914392,0.1672721824937242,0.6301275104138979,47700,500.0,1.2251904466801622,,
23.0,MsImpute,0.3,1.0,3.0,1.169569334188754,0.8826130957496633,0.8115621819908307,0.1604355973832957,0.6764838525209019,47700,500.0,1.169569334188754,,
23.0,LLS,0.3,1.0,3.0,1.272290917688088,0.9619144215052936,0.7702361558584283,0.1753508552933042,0.5893361796762081,47700,500.0,1.272290917688088,,
3.0,SVD,0.3,0.0,3.0,1.2287001884314823,0.9166878462423202,0.7885965354316359,0.1674607416869023,0.6292535620249007,47700,500.0,,1.2287001884314823,
3.0,SoftImpute,0.3,0.0,3.0,1.1765778694393776,0.8938345498248009,0.8095903213273551,0.1610747964928408,0.6791581655118113,47700,500.0,,1.1765778694393776,
3.0,PPCA,0.3,0.0,3.0,1.227269379196356,0.916004855870762,0.7889519637516352,0.167275656311154,0.6294099055578042,47700,500.0,,1.227269379196356,
3.0,MsImpute,0.3,0.0,3.0,1.1740460252449367,0.8889536639665397,0.8094633905750938,0.1605833927541967,0.6741241359836161,47700,500.0,,1.1740460252449367,
3.0,LLS,0.3,0.0,3.0,1.2740668360201148,0.9663605698593974,0.7692293696422083,0.1754754234247411,0.5936100496605109,47700,500.0,,1.2740668360201148,
14.0,SVD,0.3,0.5,4.0,1.2303862413026656,0.9152104899453878,0.7876034862501672,0.1672238984928754,0.6298459657572612,47700,500.0,1.2335735703367114,1.2271906339850145,
14.0,SoftImpute,0.3,0.5,4.0,1.1753492394494434,0.8889524743552408,0.8097337626862813,0.1606396632608471,0.6832151604342998,47700,500.0,1.1807607479773126,1.16991269989894,
14.0,PPCA,0.3,0.5,4.0,1.2285227647953216,0.9144646069648076,0.7881288701747798,0.1669958176209502,0.6301618671449778,47700,500.0,1.2318346335849129,1.22520194365721,
14.0,MsImpute,0.3,0.5,4.0,1.1716556600697456,0.883004192987113,0.8100153174278005,0.1599755282469275,0.6785028896174333,47700,500.0,1.175905117663883,1.1673907339870535,
14.0,LLS,0.3,0.5,4.0,1.2730793271718528,0.9611887833996122,0.7692823106344014,0.1746666557402863,0.5928898766962509,47700,500.0,1.278854198994529,1.267278140054004,
5.0,SVD,0.3,0.0,5.0,1.2381622299850383,0.9233125214607344,0.7837011586435111,0.1686966922678363,0.6275664407610744,47700,500.0,,1.2381622299850383,
5.0,SoftImpute,0.3,0.0,5.0,1.1828995262301778,0.8973640781091367,0.8059842825089059,0.1621301235009721,0.6782230334545598,47700,500.0,,1.1828995262301778,
5.0,PPCA,0.3,0.0,5.0,1.236616162767908,0.9225913075685654,0.7840974547522118,0.1685166044306975,0.6277173880879285,47700,500.0,,1.236616162767908,
5.0,MsImpute,0.3,0.0,5.0,1.1793101024213009,0.8910072304457566,0.8063004714113471,0.1614949228395088,0.6737839523704412,47700,500.0,,1.1793101024213009,
5.0,LLS,0.3,0.0,5.0,1.2727214290903897,0.9644519620444,0.7683616309326559,0.1750001391991525,0.5924220991178324,47700,500.0,,1.2727214290903897,
22.0,SVD,0.3,1.0,2.0,1.2217886410651653,0.9103756626839524,0.7891386123968764,0.1664822684363443,0.6347734353312987,47700,500.0,1.2217886410651653,,
22.0,SoftImpute,0.3,1.0,2.0,1.1721222980793575,0.8876398591432801,0.8090282384331287,0.1604050065701529,0.6841114584383587,47700,500.0,1.1721222980793575,,
22.0,PPCA,0.3,1.0,2.0,1.2204953116890072,0.9098410974908704,0.789449390484937,0.1663205052684373,0.6349320805382498,47700,500.0,1.2204953116890072,,
22.0,MsImpute,0.3,1.0,2.0,1.1684038700894062,0.8817636467360765,0.809399535916723,0.1597411683036882,0.6795917177316201,47700,500.0,1.1684038700894062,,
22.0,LLS,0.3,1.0,2.0,1.2677871891736232,0.9579928873586532,0.7694744161622851,0.1744204987509086,0.5992272875833654,47700,500.0,1.2677871891736232,,
19.0,SVD,0.3,0.75,4.0,1.2217297470692137,0.912761540893738,0.7892639631154281,0.166358591923262,0.6331083810868773,47700,500.0,1.2205550529156572,1.2252470721864188,
19.0,SoftImpute,0.3,0.75,4.0,1.1716555703513023,0.8908900065225975,0.8095271206137745,0.1604653096906203,0.6823359287697128,47700,500.0,1.1689381032018569,1.1797704161359006,
19.0,PPCA,0.3,0.75,4.0,1.220436267755745,0.9121515260178656,0.7895749462535748,0.1662032683755756,0.6332496174670901,47700,500.0,1.2192313931845042,1.2240437754567477,
19.0,MsImpute,0.3,0.75,4.0,1.167841661428903,0.8850744125623904,0.8098837762700648,0.1597689397520459,0.677778648956253,47700,500.0,1.164623631436864,1.1774429820473338,
19.0,LLS,0.3,0.75,4.0,1.2733271917510969,0.9621587716768534,0.7673381350759964,0.1751763514611556,0.588897483018567,47700,500.0,1.269599617524179,1.2844450095501596,
25.0,SVD,0.3,1.0,5.0,1.2251145584334333,0.9139346880026004,0.7900769941851458,0.1669273550867616,0.6298004699028904,47700,500.0,1.2251145584334333,,
25.0,SoftImpute,0.3,1.0,5.0,1.1704182627561823,0.8875575262439045,0.8121126238152931,0.1602861991198435,0.6829393167896265,47700,500.0,1.1704182627561823,,
25.0,PPCA,0.3,1.0,5.0,1.2236963253611737,0.9132291754853414,0.7904269716971806,0.1667453183638627,0.6299653412757826,47700,500.0,1.2236963253611737,,
25.0,MsImpute,0.3,1.0,5.0,1.1667354268999182,0.881617498824499,0.8123099150247102,0.1596507705989245,0.6779552496318977,47700,500.0,1.1667354268999182,,
25.0,LLS,0.3,1.0,5.0,1.2745575127975224,0.9653403628238728,0.7691560011024974,0.1752518721567415,0.5893539413600068,47700,500.0,1.2745575127975224,,
4.0,SVD,0.3,0.0,4.0,1.2361345387836138,0.9184584754397708,0.7862550718982718,0.1680480776827786,0.6248351021147115,47700,500.0,,1.2361345387836138,
4.0,SoftImpute,0.3,0.0,4.0,1.1767536943143229,0.8911398980897394,0.8097224898035168,0.1607882033415013,0.6803217297336964,47700,500.0,,1.1767536943143229,
4.0,PPCA,0.3,0.0,4.0,1.2341411800627955,0.917570305900965,0.7867961867721711,0.1677934984171881,0.625150481784299,47700,500.0,,1.2341411800627955,
4.0,MsImpute,0.3,0.0,4.0,1.173714650452089,0.8856641242120376,0.8097968292804473,0.1602557287266368,0.6757714589380632,47700,500.0,,1.173714650452089,
4.0,LLS,0.3,0.0,4.0,1.2803998618798489,0.9709815168003836,0.7669616997800075,0.1759182598197675,0.5865545195049379,47700,500.0,,1.2803998618798489,
20.0,SVD,0.3,0.75,5.0,1.225937356355948,0.9102944554748456,0.7882830961970827,0.1670384862749384,0.6321908854792573,47700,500.0,1.233536190696017,1.2028528611453362,
20.0,SoftImpute,0.3,0.75,5.0,1.1744129262045735,0.8910204027483557,0.8083570329047923,0.1608835688510689,0.682409643732432,47700,500.0,1.17955313462202,1.1588555098698283,
20.0,PPCA,0.3,0.75,5.0,1.224443582690981,0.9096076810378528,0.7886303186162187,0.1668574943377515,0.6323362587515382,47700,500.0,1.231978385143044,1.2015557100665426,
20.0,MsImpute,0.3,0.75,5.0,1.1713243002830964,0.8853750416939049,0.808582295362004,0.1603398812275436,0.6769771794954772,47700,500.0,1.1765196974619156,1.1555979708303004,
20.0,LLS,0.3,0.75,5.0,1.2749717609895352,0.965703467452917,0.7669558892654974,0.1754303367998549,0.5909554222471599,47700,500.0,1.279860748057572,1.260191002200683,
1.0,MOFA-Flex-GraphGP,0.3,0.0,1.0,1.268772006034851,0.9578906297683716,0.7692539470463464,0.1728978008031845,,47700,,,1.268772006034851,50.03316330909729
2.0,MOFA-Flex-GraphGP,0.3,0.0,2.0,1.2707586288452148,0.9568880796432496,0.7684746757265941,0.1734070479869842,,47700,,,1.2707586288452148,51.03286147117615
3.0,MOFA-Flex-GraphGP,0.3,0.0,3.0,1.2599310874938965,0.9511830806732178,0.7750393803746014,0.1717894524335861,,47700,,,1.2599310874938965,50.13312196731568
1.0,MOFA-Flex,0.3,0.0,1.0,1.2729572057724,0.9629870653152466,0.7674746553742726,0.1734250038862228,,47700,,,1.2729572057724,85.15087389945984
2.0,MOFA-Flex,0.3,0.0,2.0,1.2760381698608398,0.963477611541748,0.7662138560116086,0.1741954237222671,,47700,,,1.2760381698608398,86.94943809509277
3.0,MOFA-Flex,0.3,0.0,3.0,1.2640477418899536,0.95557701587677,0.7733507697075642,0.172339990735054,,47700,,,1.2640477418899536,80.45196580886841
4.0,MOFA-Flex,0.3,0.0,4.0,1.2720712423324585,0.9605801105499268,0.7704119852320324,0.1732931286096573,,47700,,,1.2720712423324585,83.12606763839722
5.0,MOFA-Flex,0.3,0.0,5.0,1.2796396017074585,0.9693679809570312,0.7654611705479855,0.1748465001583099,,47700,,,1.2796396017074585,89.26525139808655
6.0,MOFA-Flex,0.3,0.25,1.0,1.277396321296692,0.9666458368301392,0.7671893137949372,0.1739324480295181,,47700,,1.278173565864563,1.2771371603012085,94.51862668991087
7.0,MOFA-Flex,0.3,0.25,2.0,1.2711869478225708,0.9629015922546388,0.7693452891791553,0.1727212965488433,,47700,,1.2476320266723633,1.2789421081542969,79.2725715637207
8.0,MOFA-Flex,0.3,0.25,3.0,1.276268720626831,0.9653288722038268,0.7678579462352293,0.1740295439958572,,47700,,1.2754637002944946,1.2765369415283203,78.0283637046814
9.0,MOFA-Flex,0.3,0.25,4.0,1.2579014301300049,0.9484243988990784,0.7742805107416889,0.1715351194143295,,47700,,1.2539334297180176,1.2592211961746216,74.93063807487488
10.0,MOFA-Flex,0.3,0.25,5.0,1.2795560359954834,0.9641383290290833,0.7651727048657653,0.1737906485795974,,47700,,1.2749168872833252,1.2810986042022705,78.72218203544617
11.0,MOFA-Flex,0.3,0.5,1.0,1.261061429977417,0.9573812484741212,0.7735626076138026,0.1724643856287002,,47700,,1.2596091032028198,1.26251220703125,72.40260601043701
12.0,MOFA-Flex,0.3,0.5,2.0,1.2710100412368774,0.9573120474815368,0.7702434420707526,0.172931894659996,,47700,,1.2765902280807495,1.2654051780700684,72.99588298797607
13.0,MOFA-Flex,0.3,0.5,3.0,1.269587516784668,0.9579570293426514,0.770824692776525,0.1729057133197784,,47700,,1.2665389776229858,1.272628664970398,74.81699895858765
14.0,MOFA-Flex,0.3,0.5,4.0,1.266922116279602,0.9551008939743042,0.7718885989003714,0.1725841611623764,,47700,,1.2760871648788452,1.257690191268921,73.30244827270508
15.0,MOFA-Flex,0.3,0.5,5.0,1.2792956829071045,0.9652178287506104,0.7656002682324372,0.1750189065933227,,47700,,1.2794973850250244,1.279094099998474,74.98245739936829
16.0,MOFA-Flex,0.3,0.75,1.0,1.271864414215088,0.96591317653656,0.7692198989265648,0.1735069751739502,,47700,,1.2782700061798096,1.2524515390396118,77.28575086593628
17.0,MOFA-Flex,0.3,0.75,2.0,1.2627553939819336,0.9504916667938232,0.7713643955025289,0.1719690114259719,,47700,,1.261083483695984,1.267758011817932,75.5902373790741
18.0,MOFA-Flex,0.3,0.75,3.0,1.2685283422470093,0.9590479135513306,0.7704421596664612,0.1727261394262313,,47700,,1.268765211105347,1.2678176164627075,73.55293726921082
19.0,MOFA-Flex,0.3,0.75,4.0,1.2680646181106567,0.9596571326255798,0.7694472195122398,0.1730147451162338,,47700,,1.264673113822937,1.2781848907470703,76.84558868408203
20.0,MOFA-Flex,0.3,0.75,5.0,1.272542119026184,0.9610711336135864,0.7678925996243324,0.1734634488821029,,47700,,1.275679111480713,1.2630842924118042,72.13446927070618
21.0,MOFA-Flex,0.3,1.0,1.0,1.2820528745651243,0.970172882080078,0.7634236586533123,0.1750805079936981,,47700,,1.2820528745651243,,73.71990370750427
22.0,MOFA-Flex,0.3,1.0,2.0,1.2791616916656494,0.9675053954124452,0.7646537587877451,0.1745229214429855,,47700,,1.2791616916656494,,66.36270546913147
23.0,MOFA-Flex,0.3,1.0,3.0,1.2686216831207275,0.9602149724960328,0.7717642826354615,0.1734656393527984,,47700,,1.2686216831207275,,72.13238835334778
24.0,MOFA-Flex,0.3,1.0,4.0,1.2680126428604126,0.9596630930900574,0.7688374536474865,0.1729905158281326,,47700,,1.2680126428604126,,79.15606760978699
25.0,MOFA-Flex,0.3,1.0,5.0,1.2672280073165894,0.9574907422065736,0.7721467286509892,0.1729985326528549,,47700,,1.2672280073165894,,76.03648734092712
4.0,MOFA-Flex-GraphGP,0.3,0.0,4.0,1.2688194513320925,0.9562283754348756,0.7718045023496749,0.1728648692369461,,47700,,,1.2688194513320925,40.52573323249817
5.0,MOFA-Flex-GraphGP,0.3,0.0,5.0,1.2727620601654053,0.9622856974601746,0.7683641435956554,0.1739841848611831,,47700,,,1.2727620601654053,40.67192769050598
6.0,MOFA-Flex-GraphGP,0.3,0.25,1.0,1.2703934907913208,0.9591521620750428,0.7701003750434177,0.1729951798915863,,47700,,1.2732560634613037,1.2694379091262815,44.12981486320496
7.0,MOFA-Flex-GraphGP,0.3,0.25,2.0,1.2653745412826538,0.9568787813186646,0.7717407633151412,0.1718803793191909,,47700,,1.2419697046279907,1.2730804681777954,55.789936780929565
8.0,MOFA-Flex-GraphGP,0.3,0.25,3.0,1.266327142715454,0.9551770687103271,0.772015107701309,0.1726359128952026,,47700,,1.2650965452194214,1.2667372226715088,63.01589465141296
9.0,MOFA-Flex-GraphGP,0.3,0.25,4.0,1.2527371644973757,0.9422191381454468,0.7763813127727809,0.1708327531814575,,47700,,1.2495323419570925,1.2538036108016968,63.87128210067749
10.0,MOFA-Flex-GraphGP,0.3,0.25,5.0,1.2740395069122314,0.9584960341453552,0.7675693138024235,0.1730399131774902,,47700,,1.271113395690918,1.2750133275985718,62.13647794723511
11.0,MOFA-Flex-GraphGP,0.3,0.5,1.0,1.2558763027191162,0.9516802430152892,0.7756264818149939,0.1716689765453338,,47700,,1.2539451122283936,1.2578045129776,69.47184562683105
12.0,MOFA-Flex-GraphGP,0.3,0.5,2.0,1.268884301185608,0.9535641670227052,0.7711383610406859,0.1726003736257553,,47700,,1.2754662036895752,1.26226806640625,61.30951166152954
13.0,MOFA-Flex-GraphGP,0.3,0.5,3.0,1.2653642892837524,0.9526918530464172,0.7725927769673306,0.1723445057868957,,47700,,1.2627711296081543,1.2679522037506104,77.33073544502258
14.0,MOFA-Flex-GraphGP,0.3,0.5,4.0,1.261260151863098,0.94790780544281,0.7741976735270893,0.1717456579208374,,47700,,1.269605278968811,1.2528594732284546,65.47217988967896
15.0,MOFA-Flex-GraphGP,0.3,0.5,5.0,1.2743438482284546,0.959941864013672,0.7677241582414647,0.1743001490831375,,47700,,1.2742208242416382,1.2744669914245603,62.1593599319458
16.0,MOFA-Flex-GraphGP,0.3,0.75,1.0,1.2643650770187378,0.958078145980835,0.7723219153701557,0.1725062578916549,,47700,,1.270749568939209,1.2450149059295654,59.387284994125366
17.0,MOFA-Flex-GraphGP,0.3,0.75,2.0,1.2597122192382812,0.9454245567321776,0.7726792601629657,0.1715101152658462,,47700,,1.257975697517395,1.2649074792861938,58.95208239555359
18.0,MOFA-Flex-GraphGP,0.3,0.75,3.0,1.2629398107528689,0.9530365467071532,0.7727625356299926,0.1720195561647415,,47700,,1.262478947639465,1.2643215656280518,59.3568172454834
19.0,MOFA-Flex-GraphGP,0.3,0.75,4.0,1.2636311054229736,0.9547022581100464,0.7713117677712151,0.1724569052457809,,47700,,1.2611346244812012,1.271091341972351,57.822646379470825
20.0,MOFA-Flex-GraphGP,0.3,0.75,5.0,1.263626217842102,0.9513188004493712,0.7716710189589605,0.1722836643457412,,47700,,1.2670632600784302,1.2532585859298706,60.15297436714173
21.0,MOFA-Flex-GraphGP,0.3,1.0,1.0,1.2753522396087646,0.9633436799049376,0.7663228457480179,0.1742201894521713,,47700,,1.2753522396087646,,59.62162518501282
22.0,MOFA-Flex-GraphGP,0.3,1.0,2.0,1.268606185913086,0.957153856754303,0.7691452214047678,0.1730935722589492,,47700,,1.268606185913086,,55.16786885261536
23.0,MOFA-Flex-GraphGP,0.3,1.0,3.0,1.2639691829681396,0.9527971744537354,0.7736509663115101,0.1727498918771743,,47700,,1.2639691829681396,,60.24761438369751
24.0,MOFA-Flex-GraphGP,0.3,1.0,4.0,1.2640095949172974,0.955341339111328,0.7705548593863105,0.172506958246231,,47700,,1.2640095949172974,,64.37239813804626
25.0,MOFA-Flex-GraphGP,0.3,1.0,5.0,1.26044762134552,0.9507021307945251,0.7749252027521966,0.1721145361661911,,47700,,1.26044762134552,,53.39244270324707
1.0,MOFA+_native,0.3,0.0,1.0,1.1756300884214566,0.8694197693990937,0.8059163522422141,0.15962984956786716,,47700,,,1.1756300884214566,2.664201498031616
2.0,MOFA+_native,0.3,0.0,2.0,1.1851142596435629,0.8792437597871829,0.8024148418822181,0.1609345347349645,,47700,,,1.1851142596435629,4.877501964569092
3.0,MOFA+_native,0.3,0.0,3.0,1.1841880395036255,0.8782903202587447,0.8045538922406869,0.16066299578551463,,47700,,,1.1841880395036255,4.7241809368133545
4.0,MOFA+_native,0.3,0.0,4.0,1.187523086820244,0.8776071789434786,0.8036688837216482,0.16087039129522643,,47700,,,1.187523086820244,4.382990837097168
5.0,MOFA+_native,0.3,0.0,5.0,1.1913148630702357,0.8855590520217594,0.8007618655656557,0.16211314738987448,,47700,,,1.1913148630702357,3.142000675201416
6.0,MOFA+_native,0.3,0.25,1.0,1.1801369205487142,0.8751905229263213,0.8055110516920296,0.15995910006316172,,47700,,1.1772130401195908,1.1811099388768744,3.333850860595703
7.0,MOFA+_native,0.3,0.25,2.0,1.1833876086512494,0.8797883597415955,0.8039452950478966,0.1604104296486747,,47700,,1.1615430383375402,1.190580068611779,2.995727300643921
8.0,MOFA+_native,0.3,0.25,3.0,1.1898197363581222,0.8808505306058521,0.8021175415728995,0.16122993573406336,,47700,,1.1881752178855565,1.1903674043072943,5.053194999694824
9.0,MOFA+_native,0.3,0.25,4.0,1.1718550603857372,0.8670381142887543,0.8077455822417065,0.1591999128611467,,47700,,1.1756616718573483,1.1705834390781695,3.3848013877868652
10.0,MOFA+_native,0.3,0.25,5.0,1.1902086617902774,0.8796719199313779,0.8009096585400121,0.16112645939109993,,47700,,1.1874597934229763,1.1911235415083627,3.4766478538513184
11.0,MOFA+_native,0.3,0.5,1.0,1.1758651713761634,0.8735614452559858,0.8066930515852104,0.15999232025035962,,47700,,1.1765464553255076,1.1751834924691429,4.342812776565552
12.0,MOFA+_native,0.3,0.5,2.0,1.1867766146432495,0.8777560129450654,0.8034021135051793,0.16104139794187028,,47700,,1.1942738392704113,1.1792317257276008,4.570658922195435
13.0,MOFA+_native,0.3,0.5,3.0,1.1860403357939633,0.8794044251759662,0.8036462064115445,0.1608307316447928,,47700,,1.1797699872416503,1.1922777081973608,3.192858934402466
14.0,MOFA+_native,0.3,0.5,4.0,1.1803784098483958,0.8726512418960557,0.8056788297534131,0.1599836511542099,,47700,,1.1839239199543852,1.1768222179379084,3.518383741378784
15.0,MOFA+_native,0.3,0.5,5.0,1.1793259032998744,0.873292543371314,0.8051880218783498,0.16074151996351058,,47700,,1.1775090368364234,1.181139975005794,3.8943605422973633
16.0,MOFA+_native,0.3,0.75,1.0,1.17983167158667,0.8758982080836344,0.8053983736913388,0.1599357021432482,,47700,,1.1816529864969167,1.1743507787815082,3.544426918029785
17.0,MOFA+_native,0.3,0.75,2.0,1.1857753668074449,0.8752376775658849,0.8018934665598483,0.16053956815686357,,47700,,1.1870737848476018,1.1818715539736504,3.602113962173462
18.0,MOFA+_native,0.3,0.75,3.0,1.1855552179799316,0.8798554416257374,0.803153721960233,0.16080124972344192,,47700,,1.186514570599678,1.182672490921201,3.3751184940338135
19.0,MOFA+_native,0.3,0.75,4.0,1.1743333508641718,0.8723024550177585,0.8063205784005082,0.15949434569291804,,47700,,1.1731261038698177,1.177947668220096,4.473957538604736
20.0,MOFA+_native,0.3,0.75,5.0,1.1809889889644294,0.8759458524240478,0.804167568748962,0.16066448400159458,,47700,,1.1859905991627675,1.1658554217026742,3.548187494277954
21.0,MOFA+_native,0.3,1.0,1.0,1.1849837666310417,0.8789791667862781,0.8023073745069556,0.16098937678542766,,47700,,1.1849837666310417,,3.146803617477417
22.0,MOFA+_native,0.3,1.0,2.0,1.1788610038611584,0.8738718997388525,0.8045676654519149,0.15994383671490345,,47700,,1.1788610038611584,,4.604576587677002
23.0,MOFA+_native,0.3,1.0,3.0,1.1813260360218865,0.8740845225280194,0.8058155812311597,0.16072383196670165,,47700,,1.1813260360218865,,4.716233253479004
24.0,MOFA+_native,0.3,1.0,4.0,1.179217918932319,0.8766962153432292,0.8040257664455743,0.160257741028167,,47700,,1.179217918932319,,3.897926092147827
25.0,MOFA+_native,0.3,1.0,5.0,1.1801701127154733,0.8746860237703084,0.8061046786948024,0.16025312556917723,,47700,,1.1801701127154733,,4.363541126251221
