Matrix,Method,RMSE_mean,RMSE_std,RMSE_count,MAE_mean,MAE_std,MAE_count,NRMSE_mean,NRMSE_std,NRMSE_count,Pearson_r_mean,Pearson_r_std,Pearson_r_count
crc_protein,DreamAI,1.6626218471034886,0.20503096944177243,20,0.9941714553449366,0.07760729202587115,20,0.11722966929026243,0.004778972324105483,20,0.8664865549980749,0.03062636823602223,20
crc_protein,ADMIN,1.6914083665279294,0.18459883518274678,20,1.0152029687164092,0.07072590633737068,20,0.11795901813136771,0.003477769242613021,20,0.8566012973902379,0.034204755410133694,20
crc_protein,MOFA+_native,1.7063298778507474,0.21362688608766658,25,1.023168718703549,0.10539975097585004,25,0.11843628524277638,0.006702775668739271,25,0.8362506247820657,0.06924740487670092,25
crc_protein,DAE,1.7273661931613775,0.19836283088186957,25,1.0576130822969025,0.08941471518480769,25,0.12415941895006725,0.0062594053031753165,25,0.8312583068593823,0.06881729610377221,25
crc_protein,MICE,1.729305694029927,0.2033778373363018,25,1.0517112803364526,0.09888554300911992,25,0.12205666900093241,0.006421205889751074,25,0.8320771113080784,0.06861940291198779,25
crc_protein,MsImpute,1.7347688129237704,0.21460416706091792,25,1.0574313063968437,0.10536854100232777,25,0.12225046720116582,0.006265613266445816,25,0.8331242127952159,0.06970232197375828,25
crc_protein,SoftImpute,1.7354780589183587,0.212799180698545,25,1.0565204371938084,0.10649247192829867,25,0.12201735750542428,0.006654145063645503,25,0.8332158785310705,0.06885570571288901,25
crc_protein,SVD,1.7435948174708416,0.17595461192816209,25,1.0556642663951772,0.08887419238410663,25,0.12291335222777544,0.005477483975261789,25,0.828789177909057,0.06827298098891899,25
crc_protein,MOFA-Flex-GraphGP,1.745097466123164,0.20916231052208112,25,1.0722268388065077,0.10298740748611576,25,0.12494814915709136,0.007010233646017723,25,0.8295102949309107,0.06994209980718805,25
crc_protein,MOFA-Flex,1.7486164732967397,0.21050620141908574,25,1.0759523386823244,0.1048805903189669,25,0.1251688295250787,0.007056919164289776,25,0.8294872239315729,0.06967351584881672,25
crc_protein,PPCA,1.7523719532627513,0.16187951168439252,25,1.0562331877090754,0.08832901542961555,25,0.12300664842652882,0.005298453991228633,25,0.8275548642600796,0.06714377382669748,25
crc_protein,LLS,1.7527944711031573,0.2005644080191005,25,1.069761265444584,0.0969949093130441,25,0.1230218563545746,0.005508670776301606,25,0.827148788466607,0.07087976801659311,25
crc_protein,KNN,1.767744798189394,0.18555587033917761,25,1.098005498162739,0.08075114479532636,25,0.13035263214477752,0.005605226187987483,25,0.8227111645016032,0.0698518516157352,25
crc_protein,MissForest,1.777924857942666,0.18238944900627888,25,1.091339030777638,0.08814071144312136,25,0.12841585274643108,0.005663451568273099,25,0.8215992454848924,0.07017790465395031,25
crc_protein,RandomForest,1.7798427628490585,0.179009440553508,25,1.092841467182125,0.08441175489055784,25,0.12868843669739272,0.0052962200285615055,25,0.8211801269378843,0.07022020364709258,25
crc_protein,VAE,1.799161998368149,0.19641291722039433,25,1.1450720050187146,0.09073170264769406,25,0.13600745697292446,0.007242588747066514,25,0.8207164805827581,0.06822942940728353,25
crc_protein,BPCA,1.8012187648481102,0.1992824478572397,25,1.1448634542279286,0.09500846071718431,25,0.13580247641723686,0.007317301961261098,25,0.8209108353609114,0.06825606336430254,25
crc_protein,Regression,1.8190001773883946,0.1314633693928421,25,1.0806192262815875,0.07243340435995148,25,0.12588146672746867,0.00465367459911566,25,0.8093620557673715,0.07204150873262406,25
crc_protein,Median,1.8831811372484433,0.17433540283734109,25,1.2071025781912499,0.0786336023821198,25,0.14792582766216344,0.006326913868699213,25,0.8005100673057259,0.06988280064492135,25
crc_protein,Mean,1.8899607931055211,0.19014691639701006,25,1.2379331934743825,0.09100002467958078,25,0.14822652484701748,0.007938459894387998,25,0.8037443926734413,0.06955017774363145,25
crc_protein,EM_MVN,1.9023939264277607,0.1584522147684313,25,1.2126111168961133,0.06854926239874311,25,0.13953213020613137,0.004653715459246533,25,0.7878658637327379,0.0813432876036992,25
crc_protein,CF,3.645096071913739,0.33853640833191523,25,2.9249819602173646,0.379238733189467,25,0.25996980129777203,0.005908472193349636,25,0.7306351592900561,0.1522155811848346,25
crc_protein,MinDet,4.809699895168239,1.4693230763544916,25,3.868134568136221,1.3601270728781658,25,0.5086362671723011,0.09689114774332182,25,0.1386969030843972,0.030675406708820473,25
crc_protein,MinProb,4.897662182584764,1.4470564391954368,25,3.9315153688885234,1.3255620253322433,25,0.5172103013209419,0.09548646604973522,25,0.08297613938232498,0.012357891778526413,25
crc_protein,QRILC,5.094444356000678,2.5202030674852263,25,4.345993027518638,1.8574106915393878,25,0.41349033114563405,0.10075687763912737,25,0.717981024120039,0.05997989922619338,25
crc_protein,HalfMin,8.53901258079993,1.3486305625985935,25,8.267565142404832,1.2934212116776465,25,0.8466230805475461,0.06165546027940564,25,0.7326787317606102,0.060565815694801566,25
crc_protein,LOD,10.45403283016916,6.238774095808723,25,9.996660465248231,6.347566803215508,25,1.0819974056842796,0.5545226976953899,25,-8.412373818817134e-17,2.5318700746130526e-16,16
crc_protein,Zero,12.867305791223242,0.8848968562313917,25,12.546566878815256,0.8291022518032554,25,1.3242166544724208,0.02646014399500472,25,,,0
dlbcl_protein,MsImpute,0.5487857528617432,0.04064274341499038,25,0.3891533961795694,0.039161219709076635,25,0.14689419643565405,0.0074184889205457455,25,0.9523155186928911,0.027212015200499574,25
dlbcl_protein,SoftImpute,0.5491980916870044,0.041041502581199006,25,0.3892493655336129,0.03984910709073628,25,0.14741168325001705,0.007488167806244636,25,0.9525115559682221,0.02690242670078141,25
dlbcl_protein,MICE,0.5502239346504212,0.0272985403467758,25,0.3881577742099762,0.024449291708140194,25,0.14396868288516995,0.004413675823757109,25,0.9483246675768848,0.030490406989439955,25
dlbcl_protein,MOFA+_native,0.5632189694110883,0.03864666250961296,25,0.395762410675244,0.0385595831776631,25,0.14932709631415128,0.008206732962930424,25,0.9488439064610863,0.02928734927597558,25
dlbcl_protein,DreamAI,0.5772634604961276,0.051760632636763816,25,0.408575810235885,0.04692694819427291,25,0.1596922343498358,0.010707912240067376,25,0.9481370006951587,0.03179045916323725,25
dlbcl_protein,KNN,0.5817528510093689,0.010862591512799129,25,0.4135719847679138,0.01623633611713349,25,0.15561728477478023,0.0030822143734862946,25,0.9442960208189737,0.027389078524939124,25
dlbcl_protein,MOFA-Flex-GraphGP,0.5829242849349976,0.03631048619859422,25,0.41811185121536254,0.03551592247509386,25,0.1555996739864349,0.007603190304737995,25,0.9450621147771595,0.030832540931221068,25
dlbcl_protein,MOFA-Flex,0.5859758853912354,0.035822128484313084,25,0.4202774739265442,0.03539162790775596,25,0.1568143635988235,0.007347652973175042,25,0.9444262086453051,0.031177513575815642,25
dlbcl_protein,EM_MVN,0.5889518594741822,0.037038973274980555,25,0.4255878007411957,0.034074611271454926,25,0.154275626540184,0.0066022418086259015,25,0.9419298840309271,0.03443816953378307,25
dlbcl_protein,DAE,0.5977420425415039,0.028849041783280637,25,0.42449148297309874,0.02330621276675363,25,0.16019519627094264,0.00482537067150358,25,0.9378273429975965,0.03705759292905347,25
dlbcl_protein,VAE,0.6161051368713379,0.019719872374196878,25,0.4467056941986084,0.023015228527057525,25,0.16515057206153866,0.0040130092119272966,25,0.9380419701133502,0.03166778872663841,25
dlbcl_protein,MissForest,0.6212186272928001,0.03609846098631296,25,0.4407354160695452,0.03160839850253876,25,0.1674623190844062,0.007664639684006765,25,0.9360285525485978,0.03714380225476079,25
dlbcl_protein,RandomForest,0.6232241152607848,0.037824241250118275,25,0.4416501780843498,0.03290290658381541,25,0.16776151702659806,0.00792629432900108,25,0.9355199932720488,0.037741250664865396,25
dlbcl_protein,SVD,0.6308192388039303,0.05007904523060716,25,0.4454213224421227,0.04048211243374664,25,0.168212538737345,0.009603461064076705,25,0.9305478721859296,0.0447490804026812,25
dlbcl_protein,Median,0.6503045177459716,0.016142984329454477,25,0.4492665207386017,0.004910362658384365,25,0.16901991009712217,0.0063304743716414555,25,0.9301065921305646,0.030764646503939064,25
dlbcl_protein,LLS,0.6580394465410193,0.1036511667609053,25,0.4173808141527385,0.04362594934516133,25,0.1692638943358683,0.021189169585193186,25,0.9205441701888986,0.060995384846989575,25
dlbcl_protein,BPCA,0.6736353578730087,0.01678288964267964,25,0.4944217513652465,0.026231650671779017,25,0.17928444637906765,0.0035869891831247012,25,0.9302083820020237,0.030581345999705516,25
dlbcl_protein,Mean,0.6736353635787964,0.01678289779510369,25,0.4944217574596405,0.026231658554456798,25,0.17928444683551784,0.003586988371980783,25,0.930208381423534,0.030581346679193294,25
dlbcl_protein,PPCA,0.6933408165710929,0.07605608280508709,25,0.4708796829550553,0.05164609629427821,25,0.19096838603401653,0.013790964984052356,25,0.9129695812965153,0.061709566661741384,25
dlbcl_protein,Regression,0.6947726558643716,0.05368491334849767,25,0.4804746683016611,0.04401836300149015,25,0.17839620126928563,0.009331111688379122,25,0.9144995502025983,0.055949764448108015,25
dlbcl_protein,ADMIN,0.9692254699720074,0.21078631549484192,25,0.5956535095646133,0.1134696703362864,25,0.282052731605269,0.0420167720612006,25,0.816160203841714,0.16641438795412092,25
dlbcl_protein,QRILC,1.498302326764846,0.19261426932858475,25,1.2836236061503228,0.17499341064035362,25,0.3480320817302228,0.0400197188247813,25,0.8901502919011007,0.04483944156436836,25
dlbcl_protein,CF,2.1803001976013183,0.1168695214187451,25,1.8374617862701417,0.1886253556033358,25,0.5723545587062836,0.053118137953671554,25,0.735326961639696,0.21660189065308247,25
dlbcl_protein,MinDet,2.9601585054397583,0.8785512128329609,25,2.4112029552459715,0.7979029812737843,25,0.6115529096126556,0.1139442525281248,25,0.041334944219353895,0.008402361046004812,25
dlbcl_protein,MinProb,3.0316529481474124,0.8547190159658522,25,2.4549518411770106,0.7725061505751578,25,0.6440767821661418,0.10638054105728413,25,0.019813972387808732,0.00962773510359586,25
dlbcl_protein,LOD,5.3224338722229,1.7110727067460516,25,4.987301034927368,1.710676623712418,25,1.27160338640213,0.357174596275522,25,,,0
dlbcl_protein,HalfMin,7.562855262756347,0.3663826843491708,25,7.479277858734131,0.3539306035531246,25,1.984086389541626,0.029239526357851087,25,0.8945218332815957,0.04425458457558465,25
dlbcl_protein,Zero,13.944034996032714,0.5620618856926349,25,13.817575569152831,0.5293488814129342,25,3.7183261585235594,0.017664798832498857,25,,,0
dlbcl_rna,MOFA+_native,1.2611433885295182,0.08830232572552518,25,0.9465178304584133,0.07853940095755504,25,0.17675059646742067,0.01805456144973127,25,0.7354735956071736,0.0944207508141373,25
dlbcl_rna,MsImpute,1.2744494178342574,0.1111719569499756,25,0.9839591041434074,0.10646118553102257,25,0.1797300918956883,0.021194261710983257,25,0.7391688965602583,0.09689698892271857,25
dlbcl_rna,SoftImpute,1.282489429854943,0.11644257648296259,25,0.9974548561759383,0.11419643881223758,25,0.18108927318462353,0.022035945526421064,25,0.7396846890979835,0.09627992505570424,25
dlbcl_rna,MICE,1.3119628095626832,0.08096811739353917,25,0.990897250175476,0.06867652572139889,25,0.18535194694995877,0.017911384789203316,25,0.7131603182618946,0.0940615535765982,25
dlbcl_rna,PPCA,1.3146763254918057,0.0963917817525989,25,0.9882658812538105,0.08146457326769016,25,0.18455974105216558,0.019013393291000144,25,0.7133300234863559,0.10059709723925525,25
dlbcl_rna,SVD,1.315288803819331,0.09536458577217302,25,0.9876769734237779,0.08022804512905662,25,0.18459206175251147,0.018836203133394475,25,0.7128440384994308,0.10063782882366361,25
dlbcl_rna,DAE,1.3399695873260498,0.07631340599964831,25,0.9978461527824402,0.05758900340946411,25,0.18816930711269375,0.015692882025025074,25,0.7030200048236014,0.0981318443070244,25
dlbcl_rna,RandomForest,1.3490627137729647,0.0856308772100175,25,1.0206781486035492,0.0758749770205406,25,0.1908459813883838,0.018640848524928654,25,0.699359869223151,0.0946342616775282,25
dlbcl_rna,LLS,1.35410239605898,0.09439062215383008,25,1.048110265089676,0.09200776617105892,25,0.19228305925341832,0.019768308279349046,25,0.6985744710700291,0.09950486733150417,25
dlbcl_rna,MOFA-Flex-GraphGP,1.3573865032196044,0.10298727310806134,25,1.03838702917099,0.09359440459589848,25,0.1910053890943527,0.020517865356265718,25,0.6990434882749612,0.09911398887602797,25
dlbcl_rna,MissForest,1.3598934857789107,0.08750069655705257,25,1.0284830391162985,0.07788194556860077,25,0.19226211349706301,0.018854823939279283,25,0.6942245464361879,0.09613341005481126,25
dlbcl_rna,Regression,1.3603633113719238,0.06348334432830566,25,0.9663368927223307,0.05645405729124061,25,0.18333429886435618,0.015085982460816823,25,0.6958029016430335,0.09441163069793869,25
dlbcl_rna,MOFA-Flex,1.3648806619644165,0.10576700518381968,25,1.0475246953964232,0.09654648687515953,25,0.1922766941785812,0.021170345121423732,25,0.6966778632925977,0.09940781331773507,25
dlbcl_rna,KNN,1.3774399042129517,0.1015288448601618,25,1.059558880329132,0.10031505402129677,25,0.19576761364936826,0.021864064600027884,25,0.6936420315457122,0.09375303912191954,25
dlbcl_rna,EM_MVN,1.3940469026565552,0.09167606280806954,25,1.082915644645691,0.08774712816993752,25,0.19696244835853574,0.018260517615388338,25,0.6770972147923524,0.10245825169824517,25
dlbcl_rna,VAE,1.5267363357543946,0.09614882196573431,25,1.2065868377685547,0.09578646744812135,25,0.21761849343776699,0.021131250666548702,25,0.6251585636585076,0.09036291513776673,25
dlbcl_rna,Median,1.6759773063659669,0.06640044638513304,25,1.3310754489898682,0.10695569305832146,25,0.2398909735679626,0.01695251010727911,25,0.526675131455254,0.07193822161083559,25
dlbcl_rna,Mean,1.7271965646743774,0.12475716830786256,25,1.4626557064056396,0.16226784143524697,25,0.24657701015472408,0.023936706595252127,25,0.5379707544429982,0.07018917782184617,25
dlbcl_rna,CF,2.1666146516799927,0.19715783217395833,25,1.926064944267273,0.24182958153914758,25,0.2934547686576843,0.02096057276479141,25,0.5493745043712097,0.09932682463171724,25
