Matrix,MOFA+ variant,MOFA+ RMSE,Best conventional method,Best conventional RMSE,MOFA+ wins
dlbcl_rna,MOFA+_native,1.1823062168780645,MICE,1.2353826761245728,True
dlbcl_rna,MOFA+_joint,1.2091033283038284,MICE,1.2353826761245728,True
dlbcl_protein,MOFA+_native,0.5134834764078078,DreamAI,0.5120712071320525,False
dlbcl_protein,MOFA+_joint,0.5387057043456688,DreamAI,0.5120712071320525,False
dlbcl_protein,MOFA+_after_QRILC,1.0735316958397392,DreamAI,0.5120712071320525,False
dlbcl_protein,MOFA+_after_MinProb,1.7043936056016609,DreamAI,0.5120712071320525,False
crc_protein,MOFA+_native,1.309410243192599,DreamAI,1.3228474677761342,True
crc_protein,MOFA+_after_MinProb,3.007811839858633,DreamAI,1.3228474677761342,False
crc_protein,MOFA+_after_QRILC,3.882055609594372,DreamAI,1.3228474677761342,False
