Matrix,Method,MAE,RMSE,NRMSE,Pearson_r_raw_pooled,Spearman_r_raw_pooled,Pearson_r_feature_centered_pooled,Spearman_r_feature_centered_pooled,N_Evaluated,N_Features_Pooled,Seconds
crc_protein,MOFA+_after_MinProb,2.226566858481948,3.007811839858633,0.2843175551860005,0.7199050413875974,0.8082913672942554,0.1630000665825368,0.2447524173002999,143543,500.0,6.0832273960113525
crc_protein,MOFA+_after_QRILC,2.864481539401303,3.882055609594372,0.2416020087318385,0.8068851743599055,0.8723929942028318,0.2701889438742478,0.3531922261819946,143543,500.0,6.137839317321777
crc_protein,MOFA+_native,0.8667679622369138,1.309410243192599,0.1072613603810595,0.9101942211052856,0.905947865474589,0.5196288108568248,0.536238318397682,143543,500.0,15.45861029624939
dlbcl_protein,MOFA+_after_MinProb,1.4589658193657338,1.7043936056016609,0.427658998891934,0.9090476267104322,0.846340438940331,0.0763583297136658,0.0806608553880428,19845,413.0,2.5539917945861816
dlbcl_protein,MOFA+_after_QRILC,0.7988326409189773,1.0735316958397392,0.2778107133399425,0.9394930719722964,0.9001260080977042,0.1624917364805536,0.0972134518833488,19845,413.0,16.712133407592773
dlbcl_protein,MOFA+_joint,0.3712816753825912,0.5387057043456688,0.1419460939463746,0.9675633438901272,0.9407544718748166,0.5859676297480032,0.5509850993478406,19845,413.0,6.150114297866821
dlbcl_protein,MOFA+_native,0.347696342866721,0.5134834764078078,0.1359971649537276,0.970662702089348,0.944744938483128,0.636461593460946,0.6003352232258146,19845,413.0,3.070607900619507
dlbcl_rna,MOFA+_joint,0.9011596187831776,1.2091033283038284,0.1640246854730671,0.793170759057704,0.7822680586355205,0.6651244751301819,0.6192464365677507,47700,500.0,5.8505189418792725
dlbcl_rna,MOFA+_native,0.8777023684249615,1.1823062168780645,0.1602935083376457,0.8033867616490046,0.7916520422631543,0.6833552986416144,0.6400938645221018,47700,500.0,2.8122949600219727
