RMSE,MAE,Pearson_r,NRMSE,Cor_proteinwise,N_Evaluated,N_Features_NRMSE,Method,Seconds,Matrix,Masking_Fraction,MNAR_Fraction,Replicate,Seed,Pearson_r_raw_pooled,Spearman_r_raw_pooled,Pearson_r_feature_centered_pooled,Spearman_r_feature_centered_pooled,N_Features_Pooled
1.618872880935669,1.2969191074371338,0.5788957191321692,0.2258523851633072,,47700,500.0,Mean,0.1362216472625732,dlbcl_rna,0.3,0.0,1.0,0.0,,,,,
1.6698558330535889,1.2575687170028689,0.573435056169875,0.2325009554624557,,47700,500.0,Median,0.1355030536651611,dlbcl_rna,0.3,0.0,1.0,0.0,,,,,
1.2920124530792236,0.9741877913475036,0.759390906631187,0.1764287799596786,0.5833404123076378,47700,500.0,KNN,0.483086347579956,dlbcl_rna,0.3,0.0,1.0,0.0,,,,,
1.3931197312810455,0.9235070471071748,0.7403555577717182,0.1725148660513094,0.6442438523585652,47700,500.0,Regression,5.931546688079834,dlbcl_rna,0.3,0.0,1.0,0.0,,,,,
1.2684780288659945,0.9500860881603514,0.7695086822526487,0.1732698688650458,0.5932090289779801,47700,500.0,RandomForest,36.71408152580261,dlbcl_rna,0.3,0.0,1.0,0.0,,,,,
1.2811215912916083,0.9578693472118892,0.7643732795616491,0.1748409859416339,0.5829151846997312,47700,500.0,MissForest,130.63209319114685,dlbcl_rna,0.3,0.0,1.0,0.0,,,,,
1.2353826761245728,0.9268620610237122,0.7830253816553226,0.1684944182634353,0.609474034310454,47700,500.0,MICE,9.637428522109984,dlbcl_rna,0.3,0.0,1.0,0.0,,,,,
1.9673540592193604,1.658545970916748,0.6169857851433902,0.2695972621440887,0.3104721295105182,47700,500.0,CF,14.075485944747925,dlbcl_rna,0.3,0.0,1.0,0.0,,,,,
1.314525485038757,1.006627082824707,0.7511331063051242,0.1807146966457367,0.5779441044897486,47700,500.0,EM_MVN,19.11543893814087,dlbcl_rna,0.3,0.0,1.0,0.0,,,,,
1.2807224988937378,0.9562855362892152,0.771319683710023,0.1749586910009384,0.6103530149339851,47700,500.0,DAE,6.596390247344971,dlbcl_rna,0.3,0.0,1.0,0.0,,,,,
1.439523220062256,1.1148173809051514,0.689610647266525,0.1979070752859115,0.3779472667521483,47700,500.0,VAE,2.0969364643096924,dlbcl_rna,0.3,0.0,1.0,0.0,,,,,
0.6624404788017273,0.4677062630653381,0.949617306094228,0.1711084395647049,,19845,413.0,Mean,0.1190721988677978,dlbcl_protein,0.3,0.0,1.0,0.0,,,,,
0.673039436340332,0.4536691606044769,0.9495984681776064,0.1708974093198776,,19845,413.0,Median,0.1173045635223388,dlbcl_protein,0.3,0.0,1.0,0.0,,,,,
0.5769593119621277,0.3975178897380829,0.962259075208678,0.1522998213768005,0.4337197357065238,19842,413.0,KNN,0.4074151515960693,dlbcl_protein,0.3,0.0,1.0,0.0,,,,,
0.6251286737424622,0.4295673747238059,0.956019784326489,0.1658473585737072,0.4868607177572507,19845,413.0,Regression,4.635814189910889,dlbcl_protein,0.3,0.0,1.0,0.0,,,,,
0.5863552687576624,0.4090569552070511,0.9607765196259418,0.1578556391950589,0.4144082136612332,19845,413.0,RandomForest,26.21066880226136,dlbcl_protein,0.3,0.0,1.0,0.0,,,,,
0.5879176152700823,0.4088314909906945,0.9605638651482126,0.1573699287328081,0.4173373639887631,19845,413.0,MissForest,89.6631932258606,dlbcl_protein,0.3,0.0,1.0,0.0,,,,,
0.5224719047546387,0.3634752929210663,0.9689966241198568,0.1377494633197784,0.5488040497511306,19845,413.0,MICE,9.680915117263794,dlbcl_protein,0.3,0.0,1.0,0.0,,,,,
2.035164594650269,1.595212459564209,0.9106224386228716,0.4770987331867218,0.2265172135376497,19845,413.0,CF,5.70259165763855,dlbcl_protein,0.3,0.0,1.0,0.0,,,,,
0.543753445148468,0.3858665525913238,0.9663838714202702,0.1415507048368454,0.5452970914630929,19845,413.0,EM_MVN,87.85410714149475,dlbcl_protein,0.3,0.0,1.0,0.0,,,,,
0.5688457489013672,0.3998047113418579,0.963344671568702,0.1550300121307373,0.4948819796644093,19842,413.0,DAE,2.9795584678649902,dlbcl_protein,0.3,0.0,1.0,0.0,,,,,
0.6025558114051819,0.4249510169029236,0.9585408934497718,0.1617756932973861,0.3413271006299356,19842,413.0,VAE,1.547868251800537,dlbcl_protein,0.3,0.0,1.0,0.0,,,,,
4.140435218811035,3.5611560344696045,0.0422746490557005,0.7816389203071594,0.1168908679056231,19845,413.0,MinDet,0.1223323345184326,dlbcl_protein,0.3,0.0,1.0,0.0,,,,,
4.186147177550684,3.56970728009397,0.0264455724789878,0.8032016681189047,0.0785949037087779,19845,413.0,MinProb,0.8063304424285889,dlbcl_protein,0.3,0.0,1.0,0.0,,,,,
1.7570322219371934,1.512809709719828,0.9143403971782286,0.3947058154805634,-0.0076501687224005,19845,413.0,QRILC,15.577249765396118,dlbcl_protein,0.3,0.0,1.0,0.0,,,,,
7.675290107727051,7.378598213195801,,1.7677180767059326,,19845,413.0,LOD,0.0479545593261718,dlbcl_protein,0.3,0.0,1.0,0.0,,,,,
14.68678092956543,14.53389835357666,,3.6968281269073486,,19845,413.0,Zero,0.02874755859375,dlbcl_protein,0.3,0.0,1.0,0.0,,,,,
8.042811393737793,7.954074382781982,0.919689182841419,2.0097384452819824,,19845,413.0,HalfMin,0.1178681850433349,dlbcl_protein,0.3,0.0,1.0,0.0,,,,,
0.6624404934277869,0.4677062794369474,0.9496173065645422,0.1711084242706352,8.547097080613528e-17,19845,413.0,BPCA,11.821070432662964,dlbcl_protein,0.3,0.0,1.0,0.0,,,,,
0.6103375844610072,0.404688431632521,0.9575577185914608,0.1610552148839035,0.3834963080182147,19842,413.0,DreamAI_KNN,0.8190515041351318,dlbcl_protein,0.3,0.0,1.0,0.0,,,,,
0.5448837838122395,0.3720635697781848,0.9662049426323396,0.1470013924665582,0.482132378366792,19845,413.0,DreamAI_MissForest,139.06250476837158,dlbcl_protein,0.3,0.0,1.0,0.0,,,,,
0.6677489758385543,0.4430191927511341,0.9491706584452172,0.2092252173525037,0.3739726342792481,19845,413.0,DreamAI_ADMIN,22.33041405677796,dlbcl_protein,0.3,0.0,1.0,0.0,,,,,
0.52561315623505,0.3774796947474943,0.9686712869280006,0.1357395317233019,0.5774877872803792,19845,413.0,DreamAI_Birnn,14.58698344230652,dlbcl_protein,0.3,0.0,1.0,0.0,,,,,
0.5235068811714082,0.370330133079563,0.9699836836160544,0.1411664014827487,0.553057911354182,19845,413.0,DreamAI_SpectroFM,14.32235836982727,dlbcl_protein,0.3,0.0,1.0,0.0,,,,,
0.626761343998626,0.4451378739504539,0.9554254302736188,0.1663693104767196,0.3271307607972428,19845,413.0,DreamAI_RegImpute,1540.1870357990265,dlbcl_protein,0.3,0.0,1.0,0.0,,,,,
0.5125684991231445,0.3523036993619799,0.9705080932403596,0.1418867255784984,0.5418769160751924,19842,413.0,DreamAI,1733.5294785499573,dlbcl_protein,0.3,0.0,1.0,0.0,,,,,
0.6677489758385543,0.4430191927511341,0.9491706584452172,0.2092252173525037,0.3739726342792481,19845,413.0,ADMIN,24.032771110534668,dlbcl_protein,0.3,0.0,1.0,0.0,,,,,
1.5321074242382553,1.09783409390991,0.8747210046319216,0.1356756779033484,1.2493448334956948e-17,143543,500.0,Mean,0.1388514041900634,crc_protein,0.3,0.0,1.0,0.0,,,,,
1.5503694379706745,1.0803428324607691,0.871503150399583,0.1373961564350777,-4.657034418985625e-17,143543,500.0,Median,0.1541407108306884,crc_protein,0.3,0.0,1.0,0.0,,,,,
1.4155043566660226,0.9723236413929786,0.8942845508383295,0.1209175870498263,0.3716058352439976,143543,500.0,KNN,1.8192622661590576,crc_protein,0.3,0.0,1.0,0.0,,,,,
1.581021386198317,0.9888950251589914,0.8703810849149861,0.1188987012935065,0.4368502542709854,143543,500.0,Regression,16.315049648284912,crc_protein,0.3,0.0,1.0,0.0,,,,,
1.4539149227508372,0.9766787274944796,0.888546992636238,0.1210493109805804,0.3769944860685073,143543,500.0,RandomForest,46.182596921920776,crc_protein,0.3,0.0,1.0,0.0,,,,,
1.43700263397066,0.9627915684222136,0.8911269902938175,0.1192974401332599,0.3861398465952064,143543,500.0,MissForest,139.1953010559082,crc_protein,0.3,0.0,1.0,0.0,,,,,
1.3493744823817737,0.9060353594525792,0.9043475500174628,0.1115465880302856,0.4413892971064939,143543,500.0,MICE,16.11147165298462,crc_protein,0.3,0.0,1.0,0.0,,,,,
3.11105959641289,2.4071055018092165,0.8789640781206977,0.2496406558781291,0.2983297747490977,143543,500.0,CF,55.31875705718994,crc_protein,0.3,0.0,1.0,0.0,,,,,
1.6049333284531635,1.1171365668151891,0.8665802714889963,0.1314825862238597,0.3674029893842679,143543,500.0,EM_MVN,60.4465708732605,crc_protein,0.3,0.0,1.0,0.0,,,,,
1.357714875452002,0.9249277735517948,0.903294374608144,0.1136128864247959,0.4583762776616292,143543,500.0,DAE,10.522109270095823,crc_protein,0.3,0.0,1.0,0.0,,,,,
1.4342377504895651,1.0077861465695992,0.8911819491658929,0.1244959382929494,0.3251290137546755,143543,500.0,VAE,2.6900675296783447,crc_protein,0.3,0.0,1.0,0.0,,,,,
7.0753306904535975,5.99019743775734,0.0853990687204869,0.6686409535633046,0.1558969718650279,143543,500.0,MinDet,0.2738053798675537,crc_protein,0.3,0.0,1.0,0.0,,,,,
7.1390531337204814,6.007734943546374,0.0785321339055063,0.6753328029648,0.145500572825349,143543,500.0,MinProb,0.6876986026763916,crc_protein,0.3,0.0,1.0,0.0,,,,,
9.816238107082167,7.744506049777145,0.6822889044681022,0.5958368833604392,0.0066526653618717,143543,500.0,QRILC,0.6509625911712646,crc_protein,0.3,0.0,1.0,0.0,,,,,
21.80478068837063,21.57438820209979,-1.8112792020744278e-16,2.100189826664556,7.96163622809771e-17,143543,500.0,LOD,0.0606875419616699,crc_protein,0.3,0.0,1.0,0.0,,,,,
14.028320724343711,13.685197160641565,,1.3523363076391637,,143543,500.0,Zero,0.0419235229492187,crc_protein,0.3,0.0,1.0,0.0,,,,,
10.87113158170754,10.508412109235463,0.6875248833458313,0.9518473153721592,1.1188248326136696e-16,143543,500.0,HalfMin,0.1345977783203125,crc_protein,0.3,0.0,1.0,0.0,,,,,
1.427661369106724,1.0018186106265192,0.8922282705194258,0.1239949405322821,0.32267937846763,143543,500.0,BPCA,18.856550693511963,crc_protein,0.3,0.0,1.0,0.0,,,,,
1.4885010029342418,0.9998324817440194,0.8846963184059051,0.1232456220228546,0.4177365306288004,143543,500.0,DreamAI_KNN,1.9858710765838623,crc_protein,0.3,0.0,1.0,0.0,,,,,
1.3256666829873238,0.885618741837017,0.9078497830033252,0.1098187709861576,0.4796465796118406,143543,500.0,DreamAI_MissForest,588.0192184448242,crc_protein,0.3,0.0,1.0,0.0,,,,,
1.395534302967589,0.9203559890762654,0.8978801233101557,0.1122614135613461,0.4341103355475836,143543,500.0,DreamAI_ADMIN,33.01492953300476,crc_protein,0.3,0.0,1.0,0.0,,,,,
1.5280709873743004,1.066935355235985,0.8786125599638378,0.1271036632929073,0.3890415702188635,143543,500.0,DreamAI_Birnn,71.13893437385559,crc_protein,0.3,0.0,1.0,0.0,,,,,
1.3469651571025665,0.9202379973521004,0.9054481354311172,0.113664004525161,0.4659955295205524,143543,500.0,DreamAI_SpectroFM,25.42753934860229,crc_protein,0.3,0.0,1.0,0.0,,,,,
1.3754475918682902,0.9503047087773188,0.9005124690052703,0.1179180165507182,0.4357978948670113,143543,500.0,DreamAI_RegImpute,7211.458045005798,crc_protein,0.3,0.0,1.0,0.0,,,,,
1.3228562209440689,0.881552696654299,0.9082757885978544,0.1091410468069807,0.4836613254920637,143543,500.0,DreamAI,7936.969412326813,crc_protein,0.3,0.0,1.0,0.0,,,,,
1.395534302967589,0.9203559890762654,0.8978801233101557,0.1122614135613461,0.4341103355475836,143543,500.0,ADMIN,34.6896538734436,crc_protein,0.3,0.0,1.0,0.0,,,,,
1.2431190013885498,0.9391220211982728,0.7798405929057637,0.1679198890924453,,15900,,MOFA-Flex-GraphGP,45.10951924324036,dlbcl_rna,0.1,0.0,1.0,0.0,0.7798405929057637,0.7687564740246865,0.6405610442414621,0.5913863622251384,500.0
1.250357985496521,0.9456772208213806,0.7769194235413317,0.1689513176679611,,15900,,MOFA-Flex,106.14870095252992,dlbcl_rna,0.1,0.0,1.0,0.0,0.7769194235413317,0.7668460327714504,0.6352278154788719,0.5836767430819867,500.0
0.5180558562278748,0.361985981464386,0.9688870812443132,0.1217833384871482,,6615,,MOFA-Flex,79.6074059009552,dlbcl_protein,0.1,0.0,1.0,0.0,0.9695706161225648,0.9405583786186912,0.6028754464343632,0.5634020423536701,319.0
1.3451876115914447,0.91677162337494,0.9038768187005604,0.1115148868475804,,47848,,MOFA-Flex,544.5900020599365,crc_protein,0.1,0.0,1.0,0.0,0.9038768187005604,0.8989518969034803,0.473110023529006,0.4861365836450009,500.0
0.5110479593276978,0.3596083223819732,0.9697343439747346,0.1207363680005073,,6615,,MOFA-Flex-GraphGP,63.05382204055786,dlbcl_protein,0.1,0.0,1.0,0.0,0.9701057628721572,0.941475550414882,0.6117382630003716,0.5668860099503792,319.0
1.3446995657806562,0.9167849635315809,0.9039548564543901,0.11137262510137126,,47848,,MOFA-Flex-GraphGP,121.49906969070435,crc_protein,0.1,0.0,1.0,0.0,0.9039548564543901,0.8990463190592131,0.47360621147327886,0.485784559831695,500.0
