,F1,F2,F3,F4,F5,F6,F7,F8,F9,F10,F11,F12,F13,F14,F15
P926_10,-0.0013747477,-0.0022600184,0.27452233,-0.8397428,-0.2068357,-0.27264526,-0.8924979,-0.7868226,-0.24119084,-0.7505096,-0.27491853,0.25083727,-0.9106131,0.00036760792,-0.5500888
P926_11,-0.5256368,0.17640905,-0.00028669855,-0.3438605,-0.0012806421,0.00014760446,-0.041355323,0.644302,-0.00060642365,0.00048787723,0.8416504,-0.00067548605,-0.7196866,-0.00031271938,0.0005438201
P926_2,-0.23183076,-0.25658733,0.11425757,0.3729291,0.011526031,0.0010613576,0.5179186,0.40640497,-0.04591867,-2.9217266e-05,1.101874,0.15862402,6.781384e-05,0.040784582,-0.00066521356
P926_3,0.5733132,0.0005691779,-0.5036419,-0.06467459,0.0021302341,-0.0009443232,-0.000103126345,-0.68959856,-0.53232,0.47156608,-0.89701825,-0.155838,-0.28017786,-0.46912402,0.10751993
P926_4,-0.0005202929,-0.7031087,-0.01082414,-0.29301128,-0.07000094,0.009204496,0.3638728,0.6515779,0.0006268083,0.3306354,0.007954067,-0.14155684,-0.0002746387,0.0067351554,-0.27624866
P926_5,-0.40522927,0.0007086263,-0.5312974,1.1732304,-0.44438758,0.0017592056,0.4679338,-0.0011349823,0.0005584498,0.0010444031,0.102045156,0.010181178,0.0011730521,0.00040643293,-0.12473191
P926_6,-0.26297072,0.00052554783,0.19585551,0.00023184453,-0.2403027,-0.7032302,-0.0009268912,-1.152191e-05,-0.41519788,0.50979036,-0.32560986,0.19011852,0.00054409076,-0.54474294,0.00036913936
P926_7,0.017283369,-0.001638678,0.00086554163,0.00030999756,0.90903133,-0.00022850063,-0.00085141003,-0.0007969167,-0.4261391,-0.00061889406,0.19858094,0.00012142331,0.8130592,0.20773701,-0.00044316106
P926_8,0.0295402,-0.00069596723,-0.0016898977,0.00048668403,-0.0034088828,-0.2604435,0.9357759,0.00018658281,0.3086262,-0.0002064917,-0.00018566671,0.00058381545,-0.40656072,-0.0005578241,7.949665e-05
P926_9,-0.60454947,0.0011940042,0.30532017,0.45475003,-0.0016586249,-0.001803345,-0.4262757,-0.0007287855,-0.0007158913,-0.4684083,-0.5477538,0.00028614834,0.45146027,0.20810318,-0.30003843
P927_10,-0.22565444,0.0006751309,-0.70142716,-0.7965163,0.00034008434,-0.00029521418,-9.079388e-05,0.053836342,0.0005321077,-0.41923755,0.0005319025,-0.26989365,0.01806644,0.6436143,-0.0003017716
P927_11,-0.0008205249,-0.0005994507,0.89755994,0.10281604,0.54759985,0.002305472,0.0017097519,0.50972337,0.37996483,-0.067417935,-0.0001032091,-0.4435989,0.00015270092,-0.0005540937,0.049332652
P927_2,-0.8654455,-0.1961605,-0.0011039822,-0.0005674032,-0.12652296,0.00013828774,-0.00028355635,0.058768574,0.4694235,0.12872589,-0.097272605,-0.0006071065,-0.00020206592,-0.6088358,0.0005176292
P927_3,0.5113779,-0.54271334,-0.0010923471,-0.3704406,-0.40343246,0.00066146074,0.4738782,0.000601022,-6.4525055e-05,0.36646003,-2.8938379e-05,1.7639277e-05,-0.4368222,0.0007962554,0.01239444
P927_4,-0.61264247,-0.00067837426,-0.19703346,-0.2865816,0.0005728143,-0.06300665,0.103372365,0.00016977242,0.015254921,1.6434674,0.15378018,-0.1965745,1.3951346,0.017873708,1.0810834
P927_5,0.24696447,0.60201097,-0.38629183,-0.001167189,-0.0009095371,-0.20213656,-0.2121461,0.1461874,0.20052457,-0.43831676,-0.0045715915,-0.16372256,-0.40189043,0.3289354,-0.20343123
P927_6,0.0012384072,0.19804862,0.43272576,0.39014652,0.034045972,-0.12443919,-0.2735545,0.7711258,0.0005655893,-0.06404217,-0.16141686,-0.11304052,0.0003288663,0.32807535,0.00015574055
P927_7,0.00020379193,0.892464,0.23448446,-0.00026810993,0.55616444,0.5743544,-0.72439116,0.21165903,0.069567464,0.0023097426,-0.88329864,0.001753371,0.7567753,0.0013003342,0.2342705
P927_8,0.0022307292,-0.55933493,-0.00522646,-0.0002782364,0.09088679,-0.0006450886,0.000402034,0.1536066,0.25791976,0.013499137,-0.2925538,-0.29679635,-0.0101997545,-0.22511485,-0.5179019
P927_9,0.00038717454,-0.10029549,0.000102339036,-0.0005612439,0.0010668347,-0.0015883605,-0.00022831064,0.11321389,0.32010797,0.16258459,0.0081859715,0.5763585,-0.5313561,-0.3841386,0.19443372
P929_10,1.7860626,-0.14847465,-0.12462694,-0.56160325,-0.9138634,0.9755252,0.00044871384,0.75236267,0.0067173145,-0.4326946,-1.9540292,-1.4340538,-0.004635903,0.0010993466,-0.000861363
P929_11,0.17587002,0.54939693,-0.00015897209,-0.42484394,-3.4238765e-05,-1.1040753,-0.6518945,-0.00026251943,-0.23587953,-0.68146634,0.20699671,0.0007125746,0.3842003,-0.00031999956,-0.6310687
P929_2,-0.28647086,-0.37764844,-0.00026453525,-5.0673767e-05,0.79740876,0.0698362,-0.39758307,-0.5091941,-0.0004919417,-1.2271129,0.00041005242,-0.40109795,1.2471772,-0.76412493,0.60273284
P929_3,-0.00052837876,0.17212185,-0.00093887316,0.45223087,-0.21409468,-0.0024739644,-0.5621151,1.3191915,0.32639897,0.0025975078,0.3120831,0.0007968185,-0.0015026679,0.0005609107,-0.23718631
P929_4,-0.00075519475,-0.42595515,0.8263917,0.03266426,-0.0009177546,0.0017289843,0.561407,0.38408732,-0.21727167,0.0018116113,0.92070246,0.5108734,-0.0018280393,0.39062044,0.28733167
P929_5,-0.29475564,0.10172868,0.00038398782,0.22642946,0.7016562,-0.00033454222,0.12676337,-1.0647447,0.00020996919,-0.00043332358,-0.29605785,-0.003932906,-0.14332253,-0.0012426986,-0.0058364067
P929_6,-0.00031529882,0.0008745465,-0.71759474,0.0003856004,0.005053854,-0.00088712334,-0.15698935,0.3293447,0.021188268,0.00016278637,0.0003707518,0.74176514,-0.2484436,-0.43310606,0.13933268
P929_7,-0.06601546,0.008696528,-0.27046502,-0.00085399556,0.29327023,-0.13867135,0.28200382,0.20954667,0.005263088,-0.13236237,0.712811,0.56054777,-0.002084845,0.041732132,0.34556186
P929_8,0.00077137636,0.24680753,-0.39667365,-0.00057075935,0.24793518,-0.0026673668,-0.00055256364,0.0002619641,0.0022413044,0.23107581,0.655569,0.0005921188,0.26165256,-0.15039581,-0.41060767
P929_9,-0.6256172,-0.0009011533,-0.22340499,-0.0010989488,-0.33888692,0.28057563,-0.00080831593,-0.0001435222,-0.18220921,0.2322719,-0.71414393,-0.3847313,-0.5038724,0.5298887,0.00028206804
P930_10,0.007053918,0.6172031,-0.8867125,-0.00072629837,-0.33616602,0.6505354,-0.00055715005,-1.0064601,-0.56776565,-0.21923694,0.00045318573,0.00037614288,0.008981824,-0.97051275,-1.1515603
P930_11,-0.518522,-4.5780478e-05,0.000340128,0.0010446683,-0.46902648,-0.17068172,0.3550021,-0.37395135,-0.17429982,-0.2866064,-0.00033987657,-0.13162942,-0.0020710218,0.0013034999,9.0007714e-05
P930_2,-3.833673e-05,0.0010366112,0.7107239,-0.5873891,-0.2505199,0.00072327256,-1.0614611,-1.1289852,0.60183114,1.334781,0.5043443,-0.002631858,0.00059875357,-0.5440657,-0.12921488
P930_3,-0.7235053,0.42516646,1.1263335,-0.3409899,-0.3123754,-0.021059783,-0.0007098011,-0.5162392,-0.52206445,-0.74984276,0.017101733,-0.08883844,-0.6992574,0.00017228044,-0.25746214
P930_4,0.0006244198,0.00048337394,2.003915e-05,1.0324827,-0.11406223,0.16130616,-0.4335511,-0.25220188,-0.58763736,0.51984316,0.42212462,0.52701664,0.0030435051,-0.00023132666,-0.6203685
P930_5,0.6317372,-0.00231597,-0.52819055,-0.20475039,0.5438608,-0.43216193,-0.27290577,-0.0002731806,-0.0017108206,0.00085543486,0.32671794,0.68432736,0.0013615688,0.8761585,0.6300914
P930_6,-0.0015264434,-0.0005557777,-0.22489277,0.00092767994,0.4553812,-0.24641338,-0.0023097298,0.49422958,0.27757442,0.00035569235,-0.10675623,0.17942159,0.20829695,-0.0008460046,0.6615135
P930_7,-0.5888599,-0.00035349373,0.029644826,-0.0005506451,-0.69020754,-0.10652899,0.48118392,0.33306015,0.00072119746,-0.25702107,0.25003,0.25118625,0.004996391,-0.3682161,-0.38391644
P930_8,-0.29671067,0.0032667373,-0.00084899995,-7.3219926e-05,-0.33635095,-0.70643026,0.31063944,0.505119,7.433619e-05,-0.00054543244,-0.083454214,0.19211069,0.0005319475,-0.0137363365,-0.11895312
P930_9,0.49802658,0.77025354,0.12952638,0.42476022,0.58710325,-0.18150079,-1.0023578,0.6740051,0.16297081,-0.002714287,0.28573877,-0.19307557,-0.0031761257,-0.3919235,8.636275e-05
P932_10,-0.5170539,0.00031640864,-0.8557835,-0.0010497001,-0.0007123507,0.69670576,0.20101425,-0.0018543596,-0.22867091,-0.27443445,-0.25379872,-0.0006294865,0.0012100777,-0.80902404,-1.1820072
P932_11,-0.3516983,0.42295048,-0.6274004,-2.047284e-05,-8.421889e-05,0.0007522528,0.34829533,-0.3091014,0.29075083,2.1603235e-05,-0.49943858,0.08160123,-0.0011384351,0.38520834,0.05065422
P932_2,0.14529566,-0.78814185,-3.024991e-05,0.00027761067,-1.0348272,-0.32722944,-0.0008534381,-0.3225938,0.87033147,1.285401,0.86039084,-0.9830351,-0.00041249164,-0.0007121527,6.635215e-05
P932_3,-0.07234377,0.00039478045,0.831086,0.0019309492,-0.00055276224,-0.40887132,-0.22859286,-1.5999347,-0.39895976,-0.67771125,-0.00045941255,0.4557473,0.00027713634,0.6504371,0.3390087
P932_4,0.12348265,-0.85487294,-0.0002696147,1.9160391,-0.0004944074,0.0013227679,0.00021804069,0.5271305,-0.10709701,0.50742286,-0.02529643,-0.00012706965,1.178683,-5.668058e-05,0.22589736
P932_5,-0.00022405111,-0.7540344,-0.0006565683,0.7248051,-0.32576632,1.0191079,-0.11170924,1.3716872,-0.20301443,0.0010780174,-0.00022309695,0.3412154,-0.0005646467,0.39489233,-0.00027040218
P932_6,0.5770074,0.003377689,-0.00031256484,0.77616286,0.00051590515,0.21759768,-0.53224164,-0.00026660328,-0.17332122,-0.56547004,-0.058689963,0.90098095,5.9212302e-06,0.2004015,0.086001515
P932_7,0.00074379746,-0.00061191974,-0.16801187,0.00067439926,0.00040300272,-0.0003123039,0.8082626,-0.00011561371,5.5797176e-05,0.00023923672,0.0009193158,0.21722525,-0.012437645,0.34993804,-0.0006333899
P932_8,-0.34473225,0.33997485,0.0012768966,-0.52870935,-0.4000583,-0.3135631,0.00089302054,0.021850245,-0.31800824,-0.030848714,-0.17412397,-0.0009806367,-0.42529222,0.00015983883,-0.41047242
P932_9,0.004114664,0.001382722,0.52789825,0.00015336303,0.5711181,0.00090231415,-0.39328468,-0.53260297,-0.3469671,0.0003136884,0.07359644,0.0005118809,-0.9554819,-0.1469443,-0.00029993366
P933_2,-0.4911356,2.1646633,-0.38273692,0.8193069,-0.82493883,-1.4606564,1.5764197,-0.00056722463,-1.836459,-0.14516324,0.44638446,-1.8573741,-0.062097102,-1.6469029,1.388134
P933_3,0.15763053,0.44218817,0.62740016,-0.26301208,-0.00083677215,0.7047467,-0.5481072,-0.1299146,1.3171859,-0.0011060688,0.00041345105,0.0002709532,-0.014025246,0.0033266563,-0.00035361658
P933_4,0.48478666,-1.4441289,0.0011605257,0.00049453706,-0.098962344,0.00035472543,0.0007546436,0.18149678,0.07725786,0.40487623,-0.0001908601,0.54234123,-0.24298464,0.070603,-0.00068790565
P933_5,-0.5407339,-0.6609903,-0.053695362,0.0002740093,0.2601863,0.00014384906,0.05921862,2.4986564e-05,0.24661516,0.55048084,-0.7776696,0.22793426,0.27517205,0.4199319,-0.026081888
P936_10,0.9660881,0.89827716,-0.64732665,0.3160091,-0.0009900043,0.8809633,0.00063514546,1.0757363,0.00060975447,0.00023147378,-0.04354222,0.22941953,-0.00037412482,-0.3601977,0.00025666298
P936_11,0.0002974197,0.46722686,0.34936604,-0.0004945471,0.00042949998,0.0027771157,-0.00025069815,-1.0889539,0.00045029435,-0.82354796,0.00075446477,0.2775988,0.5273448,0.42166254,-0.90157664
P936_2,-1.0875789,0.4698293,0.7500959,-0.75373095,5.912174e-05,-1.0133297,0.0020473334,-0.00025155614,-0.011401901,-0.0023240289,0.44897786,0.0009946907,0.51522857,-6.0154543e-05,0.3071437
P936_3,0.62625986,-0.90147007,-0.0008246704,0.359436,0.5064053,0.7003457,-0.0011040476,-0.0007222829,-0.00042501127,-0.5556636,0.26080245,-0.62776196,0.24112101,-0.14581773,1.0201824
P936_4,0.13834913,0.6112574,-0.34745845,0.0003162806,0.00024981695,-0.56265134,0.059791785,-0.00042447128,0.0011936815,-0.10273044,0.00033640853,0.8782793,-0.00019934509,-0.0007550558,0.0016094538
P936_5,1.057348,0.31173745,-0.5778019,-0.86420774,-0.37113437,0.64458585,0.0010491639,0.03999319,-0.0007044218,-0.25749943,-0.00051546254,0.28873786,0.78835833,-1.537518,-0.23350458
P936_6,-0.0016560222,-0.65346414,-0.036921434,-0.28239912,1.1392462,-0.0006052912,-0.000569909,-0.001355563,-0.00020513193,0.62830806,0.438553,-0.33816314,-9.82943e-05,0.120121524,0.42714235
P936_7,0.0001739321,0.04632182,-0.007490803,0.0006283149,0.2677879,-0.00019570156,0.25387684,0.0002847509,-0.16072309,0.18202999,0.000983068,-0.00015666086,0.30082422,0.3711067,-0.00033774241
P936_8,-5.621088e-05,0.00039817428,-0.0007263769,1.076414,-0.009523956,0.000121729594,0.0007322404,-0.00034892806,0.4198905,-0.12764597,-0.68231016,-0.46142063,-0.16722184,0.0010132946,0.38998145
P936_9,-0.72713786,-0.006613384,0.0015743298,0.45152342,0.6592882,-0.6213559,-0.64230335,-0.528117,-0.037317652,0.37051222,0.0016885119,0.00048354408,-0.22644371,-0.3506371,-0.2606983
P937_10,-0.0011571202,-0.013917562,-0.0014361631,-0.21263428,0.22577977,0.00048634305,-0.00046247643,0.19333111,5.288716e-05,0.42015412,-0.79889023,0.004741787,0.88131434,-0.00015205324,-0.33597037
P937_11,1.2038686,0.9300169,-0.00020230634,-0.08612653,0.47661135,0.5177459,-0.005230915,-0.00090123405,-0.00041747192,0.11843403,-0.17441516,-0.0003275464,1.0943083,0.09914603,0.30640447
P937_2,0.0011816603,0.001495769,-0.46000025,0.00046485048,-0.13021334,-0.51285166,0.11007507,0.44788522,0.0006930408,0.13484323,-0.26502022,0.27693617,-0.57057345,0.00087214436,0.00036487883
P937_3,-0.0003851259,-0.5967404,0.35829136,-0.00013391557,-0.08407617,-0.16799761,-0.38639298,0.0005125508,0.00015533232,-0.23365672,-0.3837247,-0.42173144,-1.1963366,0.00049820234,0.000730164
P937_4,0.00024499817,-0.011123014,0.19402705,-0.0017613937,-0.013611534,0.0009336709,0.068579495,-0.00069943856,-0.30968457,0.48980054,0.0012466345,0.44677475,0.1273819,0.23475754,-0.57766086
P937_5,-0.8587282,0.00012961846,-0.06231905,-0.0012675625,-0.00212873,-0.00024767395,4.1619137e-06,0.38207853,0.0008824606,-0.000776014,-0.0014777153,-0.00017693161,-0.18234593,-0.3691721,-0.1731326
P937_6,-0.14041205,-0.4072752,0.29992133,0.00033616574,-0.13146864,-0.0038630336,0.91351575,0.6942407,0.00019735075,1.1552557,-0.5382451,7.905687e-05,-0.0010693856,0.2448953,0.41850188
P937_7,-0.0014721085,0.37417796,-0.00036939105,0.67870736,0.348873,-0.0011538239,-0.79643595,7.05322e-05,0.34549305,0.0009837071,-0.00722373,0.0007192042,0.21623604,0.00223552,-0.73446023
P937_8,-0.38133347,0.0007035643,0.052289426,-0.0006562707,0.00011364445,0.3458679,0.61859363,-0.00044896663,-0.036171835,-0.053982865,0.72610885,-0.00077380554,-0.0006441379,0.6474681,-0.00076053385
P937_9,-0.2665734,-0.7905069,0.0002593648,1.2611603,0.37405297,-0.00089048693,0.00072475546,-0.33964676,0.055125818,0.00045678625,-0.3790583,-0.63062966,0.35899422,-0.12488608,1.3608328
P938_10,0.00047836962,1.2881079,0.9967382,-0.0010095029,-0.00015304371,0.21785899,-0.62580246,-0.00037854738,-0.0007454472,0.00049157685,-0.23144399,0.00090151076,0.00022694167,0.18283457,-0.51002175
P938_11,0.80709684,-0.0008148417,0.53200155,0.00067335786,1.0926889,-0.0005602497,0.00027804685,-0.0007901728,0.00010626544,0.0006192009,-0.44232923,0.002000271,0.91717106,0.8547594,1.2558501
P938_2,-0.0010214685,-0.5334024,0.008045523,-0.36606684,-0.5896866,-0.6994761,-0.0011664951,0.003920373,-6.8049076e-06,-0.3072621,0.2745903,-0.0013759363,0.004283551,-0.0006510405,-0.17360964
P938_3,0.000887056,-0.00013989901,-0.43888348,0.0015788951,0.0076729963,-0.3047126,3.9206654e-05,-6.721591e-05,-0.27159896,-0.23079623,-0.0007344922,0.28855082,2.6820258e-05,0.52513814,-0.000119655124
P938_4,-0.0006837132,-0.31531912,-0.39429164,-0.70343757,0.741677,0.1752685,-0.05069731,-0.06031969,-0.5581772,-0.00060238945,0.84671193,-0.00012901092,0.054548826,-0.00013874982,-0.00021068582
P938_5,-0.47418836,0.19578682,-0.0012783596,0.29160473,0.00011394812,0.20096056,-0.0007362914,-0.679301,-0.13016504,-0.00031262703,0.00037822788,0.63591,0.282065,-0.24263458,-0.001661881
P938_6,-0.10144358,-0.085022576,-0.0018065331,0.00071146834,0.00035052662,0.00067068555,0.19035473,-1.0755676,0.38807324,-0.25987843,-0.16966027,-0.0003762969,0.39704618,-8.724177e-05,0.0004399579
P938_7,-0.0011894725,6.1973864e-05,-0.4053942,-0.0007931913,1.4508706e-05,0.0002462666,9.165564e-05,0.0002692113,0.20863573,0.30782107,-0.6484502,0.41629314,-0.24828264,0.23941642,0.0008800055
P938_8,0.23874578,0.00044687916,0.021878874,0.53929704,-0.36727348,1.0594572,0.61785513,0.0005523986,-0.12614787,0.863879,0.4598299,-1.196368,-1.9808726,-0.55535156,-0.010186752
P938_9,0.00023726228,-0.001137759,0.0027686786,-0.25187021,-0.49717522,-0.29036275,2.7657357e-05,0.16409813,0.00046769838,0.22568198,-0.6167986,-7.796526e-05,-0.28582296,-0.28783417,-0.66667616
P939_10,0.3959273,0.09218191,0.00080044835,0.00060109474,-1.5341921,-0.5952765,0.46926576,-0.0013411269,0.8642523,0.8430293,0.6349972,-0.0022658114,0.0011703629,-0.12444668,0.0003053754
P939_11,-0.34798202,-0.0002107114,-0.37662202,0.25798562,-0.07866913,-0.18002675,0.0003149717,-0.19224489,0.0003332437,-0.13627206,-0.42372954,-0.0003880617,-0.5061649,0.4587953,0.0010401565
P939_2,0.8131672,-0.4146866,-0.0075326646,0.58343554,-0.0012774869,-0.0001694019,0.00070730096,0.6918795,0.08239688,-0.44981772,0.18603732,-0.2858039,-0.90389967,0.00025494857,9.721111e-05
P939_3,0.0007852692,0.00058079563,-0.32366115,0.5921591,-0.045615282,0.2281979,0.0003163946,0.00032348774,-0.10804596,0.00032495998,0.37455222,0.73737776,-0.00031189655,-0.027886068,0.37744886
P939_4,-1.2930267,-0.0005609747,0.00020770334,-0.0012606956,-0.54858255,-0.0002426596,0.43906617,0.53077227,-0.0007500092,-0.00026048016,-0.14469494,-0.00030387347,0.30243933,-0.00029859986,0.0002689789
P939_5,0.93130004,0.3835916,-0.42215374,0.57874125,0.3424044,0.46112177,-0.4642964,0.2976452,0.8167948,-0.6603364,0.00019775952,-0.749157,0.12437474,0.0010233384,-0.37768713
P939_6,0.28314063,0.00012574434,1.038541,0.113320455,-0.23508736,0.00013855261,-0.0060233017,-1.584071,-0.0017209859,0.00013113556,0.7095581,-0.20499472,-0.6195041,-0.00016004549,0.9179872
P939_7,-0.0011330745,0.000879909,0.23940359,-0.000673922,0.000102854596,-0.0021210364,0.005196747,-0.029413443,0.00038073008,-0.5771635,-0.00029533778,0.5768294,-0.43406302,0.21296749,0.109575324
P939_8,9.5642725e-05,0.13729718,-0.6131998,-0.10811965,-0.0011985092,0.7527708,-0.94883186,-0.3461401,-1.3869966,0.44121525,0.00077225507,0.9479241,0.8510251,-0.22717696,-0.18258587
P939_9,0.0113055855,0.4210491,0.002901679,-0.0016667922,0.019315805,0.59053814,0.6799403,-0.0006402731,-0.082047194,0.33241132,0.8506762,0.000523945,-0.0010700267,0.0004218129,-0.17017928
P940_10,0.00030257535,-0.000383728,-0.17452624,-0.43350682,0.00020304478,-0.002530158,0.0011808136,0.48623493,0.09921896,-0.0035879356,-0.6741825,-0.0003708976,0.0001321356,-0.14139917,-5.0227365e-05
P940_11,-0.068823114,-0.30467045,0.00030240728,-0.046831604,0.5716813,0.00043428488,-0.7514356,-0.06267287,-0.0008315849,-0.0005537571,0.0012682807,0.00015920441,0.00028409748,-0.33899766,-0.7389212
P940_2,0.40011188,-0.19130565,-0.5414655,0.0011698448,0.80360013,-0.00071819866,-0.017436503,-0.0008591683,-0.0009305544,0.029831639,0.13958228,-0.39027745,-0.01130426,-0.05021985,0.005700953
P940_3,0.0006392619,0.050216056,-0.000253578,0.00056428794,0.0013430152,-0.19871837,0.65926975,-0.00023951498,-0.19318469,0.0004987093,0.6221679,0.14882945,-0.00080347754,-0.00054186024,-0.15028644
P940_4,-0.86944747,-0.2133645,0.39519516,0.3040424,-0.42121118,0.00054896343,-0.1847574,0.3456527,-0.0007566736,0.023723096,-0.0012503444,0.5274724,-0.0008764889,-0.10405454,0.009387958
P940_5,0.0006463261,-0.17163332,-0.32338053,0.4345237,-0.33255908,-0.16304375,0.9730251,0.0006506964,0.00050429715,0.00047417535,0.42109692,0.018933993,-0.00050381885,-8.24285e-05,0.0006123524
P940_6,0.003349346,1.1612102,0.12266676,0.07189019,-0.00068001193,0.39468944,-0.6343539,0.00014243524,-0.0007254978,-0.7025625,-0.00043455715,-0.5782633,-0.00027488996,-0.00018671906,-0.46710116
P940_7,0.6434284,0.5301897,0.0003671843,1.111427,-0.8779067,1.217303,0.0010481433,1.1191792,-0.0012792319,-0.28639272,0.21059929,-0.06262369,-0.0009254647,0.24014407,-0.79287946
P940_8,-0.1738565,-0.020108417,-0.4998017,-0.8734981,0.7775925,-0.0010654081,0.005342557,-0.16969636,0.4192626,0.00011665553,-0.0004112208,-0.00035463707,0.00048155623,-2.660685e-05,0.870057
P940_9,-0.000114034105,0.35842282,0.0008960636,-0.6980139,-0.27959353,-0.28507555,-0.31856924,-0.29812258,-8.9453824e-05,0.46173298,-0.6492054,0.0008561473,-0.03695795,-0.24858834,1.0742018
P941_10,-0.17459667,-0.69434327,-0.45443767,0.5733723,-0.0007529294,-0.36929926,-0.156346,0.2809269,-0.02246531,-0.21429957,6.103372e-05,0.96774846,0.0007164088,-0.36879426,0.5092878
P941_11,0.00022942791,-0.29088402,-0.00025186746,0.0011356033,0.0006876599,0.12738399,0.0009311546,0.00042439016,-0.049957894,0.11687395,-0.7532529,-0.000674812,-0.00072082365,-0.62008905,-0.45085213
P941_2,0.50849473,-0.35440573,-0.13627866,4.655476e-05,0.00025365272,-0.8157545,0.00039970773,-0.0002351036,-0.28585565,0.16608167,-0.0009886888,0.37027013,-0.034955386,-0.0006544777,-0.045508906
P941_3,0.00088348973,0.001020121,0.6453061,-0.0009432262,-0.03383353,0.0002375037,-0.08880199,-0.4262371,-0.36580652,0.0006325743,0.5384109,-0.08561192,-0.84193337,0.4775538,-0.69535154
P941_4,-0.6008822,0.0023601118,0.003365685,0.00014304552,0.00010948716,-0.0003138976,0.0018211958,0.455396,-0.049208764,0.31469584,0.0008763824,-0.00043328118,-0.33211374,0.30049965,0.3185349
P941_5,-0.014469016,-0.27922443,-0.0004985901,-0.43312597,7.8353354e-05,0.5620741,0.002474045,-0.0015188183,-0.00089659897,0.5766744,-0.87226045,0.21182859,0.0005918781,0.0008078314,0.18487209
P941_6,-0.2908342,0.41118124,0.00021030968,0.00030582972,-0.0014845436,0.49305925,0.38897276,-0.71122,0.7451066,0.0008641989,0.033247188,0.008061194,0.018939646,5.1531235e-05,-0.29393578
P941_7,0.0005395739,-0.11807247,-0.153397,-0.00056461897,-0.3047647,0.0010293436,0.3803632,-0.5624775,-0.0028524036,-0.70248955,-0.0006624601,0.00026628477,0.0037568233,0.4201315,-0.6231365
P941_8,0.00040359944,0.008400389,0.11639426,0.19635016,0.00050846516,0.0006337245,-0.00031237077,0.0007076301,-3.115348e-05,-0.12894274,-0.08089542,-0.23498243,-0.39171207,0.93653786,0.000114864146
P941_9,-0.6966777,-0.5952967,0.00047880056,-0.44686678,0.00057950465,0.9735136,-0.12260188,-0.059247497,0.00021521749,0.48598507,0.33489612,-0.4672919,0.16055903,0.16971046,0.25063312
P942_10,-0.05337195,0.023429845,0.5592107,0.0004661092,0.0008766307,-0.46586823,0.19602598,-0.00095929636,-0.61145717,0.00039343318,-0.3884978,0.5765189,-0.0017029431,0.25626028,0.0008463358
P942_11,0.39853504,-0.03135089,0.69917864,0.814613,1.08384e-05,-0.00014253917,0.0008280469,-0.00015575164,0.5430548,-0.6146361,-0.00026442853,0.11038749,1.0665966,0.00049943075,0.91542906
P942_2,-0.00049040664,-0.00071612553,0.22870563,-0.6578584,0.14024019,-0.22693038,-0.00075960887,0.00019362132,0.00031770597,0.0016065488,-0.22908114,0.6246907,-0.00047739968,0.08655902,6.2541745e-05
P942_3,0.0001411833,0.41295603,0.0012223945,-0.53420115,0.00066935126,-0.0828669,0.098812506,-0.06967706,0.0043803286,-0.00087225926,-0.00086435943,0.24061513,-0.097642235,-0.16509192,-0.42891556
P942_4,-0.59670806,-0.14462031,0.3739824,-0.32306677,-0.0005037454,8.797512e-05,-0.014406512,0.0064412593,-0.19731207,0.33845046,0.31611732,-0.001234273,0.0016736488,0.0005229043,-0.32703796
P942_5,-0.5419154,0.55732095,-0.00035945687,0.00025751704,0.41560143,7.263552e-05,0.20449346,0.0009990319,0.17569944,0.5552022,-0.2819704,0.29438534,1.0994736,-0.5254345,-0.0012678012
P942_6,0.47047827,-0.7790188,-0.00027519645,0.57007784,-0.00049236853,0.0008548113,0.10604156,-0.5022416,-0.00032832517,0.23535322,-0.00048921723,0.0002679032,-0.99508435,0.00074227346,0.0005251916
P942_7,0.001977142,-0.65388757,-0.0013511127,0.5635194,0.046178333,0.00016768492,0.0009167391,0.0006633867,-0.00026774834,0.004012332,-0.0005308682,-0.6233467,-0.6468213,0.47253442,-0.006294456
P942_8,0.56219745,-0.151518,-0.002460086,-0.001560382,-0.00023429283,0.08554042,0.0020627922,-1.3525696,-0.39413196,-0.46281153,-0.0017132752,-0.6804654,-0.931285,-0.48593652,-0.0021041282
P942_9,-0.001970485,0.10578635,-5.3410018e-05,-0.3320396,0.13011071,0.44236478,0.6620997,-0.07229426,-0.19368953,0.25788388,0.006423332,0.3093666,-0.0006248242,0.12927306,0.044277795
P943_10,0.0012209349,0.38773513,-0.0024959338,-0.3995652,-0.11299984,0.00019173401,0.4811541,0.81655556,0.0008089295,9.469731e-05,-0.00032283412,-0.5388313,0.00043392807,0.6983393,-0.44966978
P943_11,0.0014859195,0.35483053,-0.00029396388,0.2685295,0.43617144,-0.006758744,-0.0008051484,-0.6123129,9.287242e-05,-0.32957774,0.12375486,0.5175181,-0.3488047,-0.00012147521,0.18048164
P943_2,-0.00043341602,-0.68718696,9.565323e-06,-0.2643664,0.8823665,0.405763,0.21974328,0.0007641931,-0.69295657,0.5482791,-0.0003441059,-6.907839e-05,-0.00018610223,0.00013913792,0.5567803
P943_3,0.028311597,-0.4855328,-0.0002985217,-0.005159928,0.43401322,-0.4915161,0.019804472,-0.37815318,-0.090035506,0.22642545,0.60595363,-0.63943833,0.2748136,-0.12737362,-0.81015015
P943_4,0.7487733,-0.5234901,0.00053195783,-0.000740023,-5.6952627e-05,-0.013512867,0.3447724,-0.0003507813,0.0004926973,0.6763499,-0.4446081,-0.0009920141,-0.93963337,0.0008314712,-0.0010385646
P943_5,0.22598834,-0.13324724,-0.000105725936,1.1239898,0.20288682,-0.4492225,0.0014009515,-0.0008154172,0.21420988,-0.3380698,-0.0016489277,0.8818116,0.80224335,-0.00018953734,0.017760132
P943_6,-0.28423995,-0.4976103,0.06683357,-0.0010103028,0.021447025,0.00081966445,0.00016646564,-0.1503333,0.0010004415,0.2867362,0.29856604,0.00011128923,0.00016306412,0.00095128216,-0.67488086
P943_7,-0.7634336,0.6205047,-0.0015407356,-0.00019825304,-2.0993447,2.1061282,-2.7564707,0.8376673,-1.9080048,0.00069719565,-0.9659536,-1.3212636,1.4344422,0.92568874,0.46691957
P943_8,-0.4953482,0.0052215997,0.29787534,-0.00012111243,-0.00039081072,-0.44529933,-0.0006911554,0.15706702,0.4797914,-0.80058396,-0.01962978,-0.0005459344,0.5212418,0.05346629,0.00022536376
P943_9,0.6186934,0.2782903,-0.0004580325,-0.38755524,-0.56801665,-0.317789,0.34996977,-0.00032315237,0.9953307,0.86773115,0.8590009,0.0004115725,0.09023586,-0.29465953,-0.028345961
P944_10,-0.5731423,0.00088249467,-0.6185288,0.558822,0.3391783,-0.4951572,-0.53765893,0.13107315,0.3804257,-0.40918994,0.00036851424,-0.39994434,-0.0049395296,0.18393692,0.00080386
P944_11,-0.000352198,-0.00403603,0.0001399848,0.00021545835,-0.0671522,0.00019480455,-0.518408,0.18309836,0.076777786,0.28352433,0.00040848652,0.00024356409,0.5786372,0.00029946107,-0.32506105
P944_2,0.00093886675,0.5003127,0.00030235798,-0.37198657,0.21251544,-0.00044958384,-0.00035637795,-0.51099527,-0.5569214,-0.6155296,0.24792655,-0.00049445895,0.0002913524,0.613871,-0.20521569
P944_3,-0.00056158565,-0.81405735,0.5327812,0.74922335,8.111825e-05,0.005304581,7.326592e-05,-0.4184362,6.86368e-05,-0.47947133,0.00029090105,-0.6243843,0.84151304,-1.9542742e-05,0.81402785
P944_4,0.53586906,-0.5467228,0.00055327435,-0.20116095,0.00062595826,-0.4509203,0.00057244406,0.6377719,-0.010568515,0.00078603276,-0.587961,0.0020383191,-0.0675752,-0.40897396,0.0016038447
P944_5,2.0986947e-06,0.49367234,0.28288242,-0.46687695,0.47944435,-5.419976e-05,0.00074806943,-0.9279672,0.00041942755,-0.00028675885,0.0005609927,0.7110539,0.6187286,-0.08020717,0.01236988
P944_6,0.68175423,-0.74078774,-0.67423695,0.49242353,-0.18336095,8.1695835e-05,1.1088556e-05,0.50221753,3.031402e-05,0.66137695,0.00015942525,0.000987792,0.113931865,-0.57317877,0.11027729
P944_7,0.58432347,-0.21990187,-6.770755e-06,0.0007524213,-0.22880225,-0.0068105543,0.42013794,0.00029722424,-0.0009464416,0.21448821,0.0012639774,0.0006670893,0.00017974182,-0.59789574,0.034564264
P944_8,-0.91213995,0.26025587,0.5844578,-0.40838298,-8.533462e-06,-0.0321378,-0.00043904904,0.00031323778,-0.00028919824,0.00021193814,-0.07294819,0.094229884,-0.20188205,-0.00051476894,-0.2566359
P944_9,-0.3282144,0.33422166,-0.0011819892,-0.20052072,-0.00056677905,-0.00014544131,-0.0006584654,-0.07957877,-0.12173626,-0.5697584,0.25046793,0.25330815,-0.59076977,0.6772469,0.13223536
P946_10,-0.21955554,0.047134567,0.0011896326,0.0007772461,0.39770514,-0.4239262,-1.0557884,8.168739e-05,-0.014153188,-0.0007654245,-0.0025310982,-7.5238466e-05,-0.7362178,-0.5056501,-0.16445851
P946_11,0.0020119206,-0.5508331,0.00055614806,0.00036339476,0.53970146,3.1796285e-06,-0.015328682,8.5914806e-05,-0.2772442,0.15614432,0.0038412039,-0.16383623,0.536447,1.0560118,0.18817541
P946_2,-0.30639985,-0.0020454407,0.010127977,-0.49381724,5.3631757e-05,-0.33986336,-0.00040972544,0.40318203,-0.00041124492,0.0028593766,0.6438726,0.5661138,0.0030939507,-0.027313413,-0.00035562553
P946_3,0.32344562,0.0005043049,-0.25667724,-0.12500416,0.16830143,0.00014799986,-0.0005846422,-0.24322528,-0.25433016,0.36136016,-0.33699816,3.2710454e-05,-0.2249867,-0.0032782792,-0.31982526
P946_4,-0.06681886,0.59153193,-1.5561262e-05,-0.00067560485,0.00045780663,-0.0007073365,-0.0005128428,-0.00017142862,0.04916799,0.21375868,-0.24571747,-0.0001309993,0.6132008,0.17450991,-0.14461018
P946_5,-0.004674201,-0.20224163,-0.0004993542,-0.0003142372,-0.04817207,-0.49665108,0.00020132915,-0.54397565,0.0015506969,-0.7556402,-0.00036983943,-0.0010664406,-0.04429919,-1.1536134,1.2236826
P946_6,-0.3628034,-0.0014053078,-0.4823553,-0.0012518482,-0.00066840206,0.06784993,0.7019407,3.345532e-05,-0.00032956045,-0.32885274,1.0563761,-4.3110973e-05,0.2047705,-0.00018848141,-0.21112981
P946_7,-0.00035680737,-0.0009783392,0.24750526,-7.97323e-05,0.13216153,0.5206142,-0.0004624183,0.0032133039,0.3101018,-0.001082552,-0.6322358,-0.00031795603,0.37474212,-0.83919,-0.67075366
P946_8,-0.0015980793,0.13704875,-0.31419912,-0.33852094,0.00019247328,-0.73742765,-0.2687237,0.4895391,-8.68957e-05,-0.27137578,0.28663862,-0.9992545,5.1145755e-05,-3.5566432e-06,0.000672986
P946_9,-0.25212,0.00062389224,-0.061917108,-0.3816803,0.00015856934,0.000116109455,0.2521578,-0.16104466,-0.0001552929,0.00069598836,0.06462269,0.24092713,-0.00080561003,0.27323064,-0.28818098
P947_10,0.00053890387,0.053453114,-0.0053510303,0.428416,-0.1429349,-0.0006288726,-0.00031166608,-0.0044624684,-0.000717798,-0.29989225,0.34923643,0.7758949,-0.22544974,-0.40534925,0.0028985124
P947_11,0.00021906031,0.00037110082,0.00015828588,-0.25960752,0.39806736,-0.00050680165,-0.43889415,-0.000861143,-0.00033466215,-0.0004694873,-0.14436051,-0.1371185,0.0004949165,0.00063984375,-0.54578257
P947_2,-0.00077490613,-1.0580174,0.66767377,0.0011802902,-0.40360022,-0.43542752,-0.65953153,-0.010458441,0.059165172,-0.15267132,0.2774383,0.36311623,-0.47962296,0.0005575741,-0.47077906
P947_3,0.0009630886,-0.31605226,0.3760387,0.8633986,-0.0007996716,0.0015201127,0.0004765734,0.6066579,0.19317877,-0.079160966,0.21851322,0.0038217958,0.5364599,0.00023831966,0.00075792
P947_4,-1.1927888,0.00054863613,-0.00022836692,-0.2957685,0.00042897178,0.00051462546,-0.18200332,0.2310155,-0.00021038509,0.47025862,-0.005374086,-0.31706956,0.00048508256,-0.0015531891,0.0004415994
P947_5,-0.00085306086,0.26856953,-0.005894477,-0.3683462,0.5536042,0.00018174245,0.3056143,0.2287596,-0.08461721,0.09742361,-0.4191989,0.0008453599,0.7648539,-0.311714,0.82179034
P947_6,-0.94319624,0.25839978,0.0004410086,-0.00088192814,-0.0002714166,-0.342201,-0.049029443,0.00061539107,0.36153615,-0.24111804,-0.08678364,-0.00060019444,-0.00089314405,0.00031650733,0.3927276
P947_7,0.5403812,1.1208887e-05,-1.1624564,-0.4404307,-0.22352372,0.0016145497,-0.13833268,-0.001961256,-0.79358625,0.39721152,0.00053942157,-0.1572546,0.5780537,-0.76972735,-0.34316644
P947_8,-0.28991675,0.4089681,0.0014397068,-0.40353945,0.0006609774,-0.0018404805,0.24826634,0.34666237,0.0010957582,-0.001314361,-0.00045484726,0.23001985,-0.50398237,0.18558037,0.00040021967
P947_9,-0.00017936979,-0.00086469733,-0.3572218,-0.17507559,-0.20101324,0.00046007245,-0.11051431,-0.18706009,0.0004308506,-0.04082474,0.20247209,-0.6222857,-0.023181956,0.62170166,-0.36199597
P948_10,-0.0010289405,-0.62200254,-0.18012467,-0.32556757,-4.607593e-05,-0.3692505,-0.458372,-0.1560165,-0.18685864,-1.0154552,-0.0007338224,0.0006993304,0.56489617,-0.36062768,-0.9239494
P948_11,0.69399756,0.47592226,0.5616366,0.22811374,-0.5516178,1.319869,-0.21203779,1.1880058,0.6329083,-0.2253981,0.19817966,-1.648009,-0.0008001562,-0.26180434,0.08807412
P948_2,0.0024654113,0.2949736,-0.5728432,0.29726145,-0.42431447,0.4202958,0.0007448154,0.005082373,-0.002927667,-0.6374643,0.20693372,0.891025,-0.28413448,-0.34778717,-0.00018534316
P948_3,-0.45481732,-0.33022225,-5.308786e-05,1.1016756,0.00908737,-0.2311523,-0.0042680455,0.16679682,-0.46773556,1.0734913,-0.0044998387,0.09119434,-0.91742736,-0.5079042,0.0003574176
P948_4,0.3479601,0.039229207,-0.00030638304,-0.35639685,0.105200745,-0.0012873686,-0.0014663802,0.00027234614,-0.4146433,-0.7541528,-0.16762958,-0.13189384,-9.172098e-05,1.3015283,-0.0007162006
P948_5,-0.26177892,-0.23190387,-0.4371566,-0.00019409058,-0.49172488,0.8753802,-0.8123096,0.4810806,-0.0002754839,0.0006052002,-0.0007995399,-0.0004489361,-1.0811244,0.00015861476,0.09385728
P948_6,-0.0005209547,-0.4081033,-0.00016836532,0.43965724,-0.007674437,-0.70413375,0.00030871658,4.3894743e-05,-3.6933496e-05,-0.10656581,-0.00010414347,-0.00011244086,0.059360642,0.2920344,-0.3065451
P948_7,-0.23795485,0.15944958,-0.3626867,-0.3946854,-0.1843286,-0.001760005,-0.0005847676,0.110199034,0.00034351737,0.02067179,0.06347866,0.77920127,0.53115255,0.023243811,-0.16446106
P948_8,-0.29922467,-0.15288694,-0.00034171852,0.26358172,0.032672893,-3.974532e-05,0.0019490562,-0.0656394,-0.000112749185,-0.37933898,0.46023315,0.00037476514,0.0006175251,-0.00093889027,-0.33281547
P948_9,1.076493,-0.0002254309,-0.0018554115,-0.20306952,0.00014598503,-0.0028599543,0.1027873,-1.1183658,0.13087548,-0.24933285,0.00063882285,0.6168613,0.42362672,0.42048416,-0.037200604
P949_10,-0.017931063,-1.1350268,0.51705766,-0.32428068,-0.00028312855,0.004136354,0.05590835,0.00027391306,4.235344e-05,0.00023008847,-0.1259489,-0.23874229,-0.7250456,-0.17090365,-8.341192e-05
P949_11,-0.725848,0.2640464,0.00053313375,-0.3171794,-0.0005108103,0.819986,-1.3195804,-0.13113289,-1.4463717,0.45596293,-0.7884521,-0.33921593,-0.063802786,0.59297675,-0.37633136
P949_2,0.0007310481,0.98085916,-0.00041026052,-0.00157656,-0.0004223787,0.15780734,0.6249107,0.32954186,0.5674134,0.3082036,0.00031703294,9.359362e-05,-0.0011001762,0.317949,0.4245706
P949_3,0.0009602715,-0.6314775,0.00041458086,-0.0005626509,0.027622446,-0.177237,0.36855367,-0.019202221,0.28277996,0.017514478,0.47728556,-0.00087810546,0.19477583,-0.5585292,0.00020654683
P949_4,-0.020188171,1.2874885,-0.0012665733,-0.00019887442,0.500032,-0.00031791913,0.00013809475,-0.00024513842,0.00371688,-0.50529563,-1.0361207e-06,-0.0005810207,-0.3042608,4.561103e-05,-0.36585602
P949_5,-0.0013853203,-0.0005339311,0.00054769294,-0.94380534,-0.10540008,-0.0005369,-0.521931,-0.65131795,0.41391528,-1.6155069,1.3176253,-0.23332593,-0.0007494599,-0.8768795,0.17568934
P949_6,-0.3888555,-0.0026315784,1.6894724,-0.00034302348,-1.0675454,0.00070367975,0.4238403,-0.6448423,-0.6864559,-1.1960075,0.2624022,6.009223e-05,-0.49811697,0.016518109,0.7691192
P949_7,0.24889055,0.12741111,-0.8041283,-0.7148466,-0.0010272628,0.2033973,0.00018062888,0.00055746635,-0.028782379,-0.15538315,2.6672344e-05,0.0008831575,0.006067447,-0.0001934591,-0.42341107
P949_8,-0.5030818,-0.5262682,-0.011354963,0.36717537,-0.0010753642,-0.28141874,0.6607361,-0.2567464,0.00020240957,-0.21203426,0.09970604,-0.4436619,0.0018093303,0.8362045,0.0003379719
P949_9,1.0542505,-0.6177491,0.46432173,-0.00040468335,0.10831603,-0.020882566,-0.06851378,-1.2358243,-0.22755265,-1.0021087,-0.30588338,0.0008100885,0.00010999133,-1.2470462,1.0291338
P951_10,0.893265,0.3292471,0.6168835,-0.0011211585,0.24302347,0.98887837,0.40464637,0.6346793,0.481053,0.0018245338,-0.00014868105,-0.77204144,-0.00016275383,0.3385187,-0.0010189766
P951_11,0.4922725,0.87184495,0.5270416,0.7769704,-0.0004154986,0.75699776,-0.4269825,0.0008340945,0.33598417,0.0009570689,-0.38773972,0.00055291195,-0.5799639,0.40556568,-0.15155104
P951_2,0.43099317,0.47577584,-0.0009457043,-0.51633215,-0.89178795,-0.38562286,6.5963155e-05,-1.2327063,0.24416332,-6.88129e-05,0.0007795499,-0.0006644982,6.409774e-05,0.7580524,0.0006961544
P951_3,-0.73591834,-0.00079202716,-0.0013620051,0.45268926,0.00383486,0.15041348,0.7291242,-0.35150734,0.00097502646,-0.000116517316,0.0007762657,7.6861805e-05,0.22242112,0.20092112,0.0006104745
P951_4,1.3360631,1.0134465e-05,0.2941624,0.26622835,0.56840664,-0.00029436356,0.0005850716,0.0009040493,-0.0003162521,0.00067559234,-0.014021761,-0.017847985,-0.46690628,0.00029897178,-0.9905832
P951_5,-0.26669794,0.5393949,-0.0001906799,-0.00080313056,0.370181,-6.273074e-05,0.002880498,0.3216839,0.29503572,-0.00069192244,-0.00014455504,0.7584253,-0.13040784,-4.67546e-05,0.6123246
P951_6,0.44361237,-0.6060157,0.5044891,-0.37665322,-0.0025139682,-0.00023719209,-0.2134653,-0.19967142,0.00011322209,0.39081213,-0.00042958627,-0.0008491474,-0.52770364,0.00096442597,0.00031262898
P951_7,0.6730497,-0.19882591,9.126927e-06,-0.19624333,-4.9878e-05,0.6376686,0.20522793,0.56681997,-1.1034442,0.5361638,0.47290382,-0.19350661,-0.000114901624,0.00033975395,-0.29147044
P951_8,0.00047283678,-0.1899079,0.5513408,-0.64494437,-0.22804447,0.00093347003,0.7311552,-0.18173255,-0.44831508,-0.00053537183,-0.24052048,-0.0004254191,0.22494093,0.003538478,-0.52860034
P951_9,-0.0016593166,-0.32019296,0.0014340789,0.21193495,-0.47111526,-7.899068e-05,-0.00059150404,-0.00045455908,0.0007286425,0.0016107846,0.00017596094,0.00080614403,-0.0011021025,-0.69465774,0.0005288592
P952_10,-0.18491252,-0.0018573496,-0.65095776,-0.28645033,0.7105274,0.00019020507,-0.0010800165,0.28529662,0.000645011,0.01535582,-0.00045257088,0.21133837,0.0013808327,-0.00039898677,0.33003408
P952_11,-1.1447159,3.075316e-05,-0.72979623,1.6573069,-0.0015189106,-1.7889475,1.0383017,0.65123904,-0.8939137,0.9215985,0.024841204,-1.7412299,0.0007844999,-1.343509,1.7100241
P952_2,1.2585882,1.0579226,-0.000101390186,-0.42137226,-0.0009582518,0.0004398353,0.0004958098,0.42601234,-0.00039497722,-0.44377255,0.9360613,-0.77509046,-0.43681177,-0.00035683918,-1.050845
P952_3,-0.63226926,-0.22648731,0.5012641,0.00070391496,-0.0044715814,0.00010331492,0.56432724,0.28818923,0.005883073,0.6941948,0.25177357,-0.00078881,0.3134199,-0.0012085862,-0.5138956
P952_4,0.5074455,0.18543859,0.5924869,-1.173347,0.8154788,-0.002369284,-0.8964895,-0.49211136,0.65347,-1.9873793,0.0011244456,0.00020888205,1.766238,-0.42919973,0.42115936
P952_5,0.00020827462,-0.23636559,0.42841515,-0.46752584,-0.1643797,0.2647521,0.6988778,-0.15052602,0.48697025,0.042209186,-0.08735456,-6.405898e-05,0.00026006193,0.49731237,-0.37042663
P952_6,0.60637486,-0.23886612,-0.47050378,-0.67820275,-0.23299979,-0.14608446,0.2373196,0.046187103,-0.14404273,-0.0008384453,-1.1562738,-0.084889285,-0.3845735,0.0002999533,0.00078661897
P952_7,-0.482867,-0.5600364,-0.22034886,-0.017313998,-0.0006602495,0.00030846507,-0.000437538,-0.04590551,-0.0012961798,0.9096582,-0.60808825,-0.229573,0.15026528,-0.10575303,-0.0003920948
P952_8,-0.037936322,-0.00022495264,-0.022984073,-0.0018121016,-0.36722898,0.00051014655,0.00016260127,-0.008333186,0.46239814,-0.54377806,0.0002491391,-0.0006961014,-0.28803694,-0.000121417695,-0.54657143
P952_9,0.00015550661,-0.0006976673,5.5509772e-05,0.00062768295,-1.0395029,-0.59165585,-0.00015391798,0.0068532033,0.757881,1.2157778,-0.24397077,-0.32808542,0.0077914614,1.4304382,1.4921949
P953_10,0.00089069066,-0.6552093,0.091776036,-0.012835735,-0.2086628,-0.40629798,0.0004905435,0.51400685,-0.00068408094,-0.24961019,-0.1707735,5.0074585e-05,-0.5132589,0.6422602,8.301713e-05
P953_11,0.0020416977,-0.0007540343,1.3245281,0.0011414945,-0.0008871157,0.39060462,-0.8103986,0.88319737,0.45174438,0.0039229915,0.5163292,-1.2275271,-0.7431856,-1.0561134,-0.18986808
P953_2,0.41360068,1.0017169,-0.4295192,-0.0064699682,-1.0283549,-0.5518104,-0.37814954,-0.60074645,-0.051702622,1.055055,0.29025143,6.9195316e-06,0.0064299447,0.941367,0.34978372
P953_3,-0.84221417,0.00035740642,0.00077422295,-9.900922e-05,-0.08864352,0.11585484,0.0032647965,-0.13730597,-0.17936537,0.0015578333,-0.40181053,-9.9200015e-08,0.0027316231,-0.06828513,-0.0010915229
P953_4,0.20152462,-0.029629437,0.00041291304,0.0010903222,0.28827766,0.00066783995,-0.33102039,0.46786237,0.29134542,0.0016283438,0.0003416778,-0.18502213,0.92170644,-0.00030810223,-0.27355897
P953_5,1.4351678e-05,-0.2903862,-0.7633183,0.0019729561,0.0015782776,0.0004811731,0.6476024,0.3176296,0.6934034,0.24939692,0.35418752,-0.0006689574,0.00028038665,-0.00034457116,0.00016950395
P953_6,0.9668199,-0.34682488,0.0013975067,-0.52686393,-0.002018445,-0.000861795,0.4695216,-0.21248314,-1.1767436,0.53187656,-1.477277,0.0016685036,-0.00019831238,0.0013493116,0.09805434
P953_7,-0.48552558,0.0007344391,0.20069948,0.45862412,-0.11795118,-0.12754601,0.0015119798,-0.49554822,0.32062444,-0.14661278,0.0004505899,0.31880733,-0.2721918,0.29803985,-0.00023643266
P953_8,0.008052791,-0.0010042837,0.2322811,0.2903787,-0.0007342956,-0.000107425316,0.3830679,-0.31489947,-0.33385795,-5.947437e-05,0.7884773,0.00015802713,-0.4922709,0.567748,-0.19073974
P953_9,0.002849249,0.44404998,0.5392646,0.0026273695,0.59928983,0.271939,0.34688288,-0.0096745035,0.0006815224,0.39109275,-0.5365371,-2.1651449e-05,0.7796587,-0.024693243,0.00076773536
P955_10,0.00062406523,0.0013651284,-0.13961452,-0.0002314512,0.14783444,-0.00079186214,-8.551249e-05,-0.02808698,0.000769065,7.2685216e-05,0.5065145,0.102484785,-0.67415476,-0.00033514018,-0.24807769
P955_11,-0.5193841,-0.0006858007,-0.022356445,0.1358818,0.120364256,-0.0009113269,-0.00078094593,-0.046260677,0.41926426,-0.32810342,-0.00032895172,-0.40088177,0.00090166065,0.00036594065,-0.48997706
P955_2,0.00085797545,-0.3418901,0.4864211,-0.22665256,-0.24291912,-0.0003234027,0.18658754,-0.1966049,-0.00098672,0.4259538,-0.30841646,-0.000947433,0.5103449,-0.24167876,-0.0014502571
P955_3,-0.12487928,0.4398442,-0.6715591,0.34134322,0.0005892383,0.39575717,-0.0037383924,-0.26535586,0.45955485,-0.48649818,0.5234875,0.34367198,-0.5999084,0.0008993413,0.00021775342
P955_4,-0.00063635607,0.45102504,0.0007796631,-0.8506624,0.4417826,-0.4738826,0.0010135728,0.00323955,-0.43676084,0.08224353,0.43809545,-0.00016855726,-0.0019782628,-0.00075165037,-0.16895486
P955_5,-0.08367559,0.0015245662,0.00044110065,-0.0024996111,-0.5004885,0.0004540459,-0.5830111,-0.00012169881,0.00042451502,-0.56103176,0.4337108,0.7829474,-0.8983376,-0.49325067,-0.26258382
P955_6,-0.0005151219,-0.7721959,-0.05562476,-0.00018080104,0.00034451822,-0.0014858495,0.0009442648,0.6183792,-0.42005014,-0.00054668816,-1.139781,-0.64964205,0.49464536,-0.00017087797,-0.081631616
P955_7,-0.04605371,-0.25857863,0.62956464,0.00072640926,0.0005440511,-0.0014951751,0.8457449,7.6591205e-06,-0.5948514,-0.00019319446,0.38558713,-0.00071488466,-0.0036179768,0.3239845,-0.0005965227
P955_8,-0.23989211,0.0036065078,-0.24779049,0.48680815,-0.14352462,0.6917089,0.00031376016,-0.9662145,-0.4021181,-0.6791986,0.0011283353,-0.0004316385,-0.059483994,-0.0751713,-0.00031917635
P955_9,0.32176486,-0.4186548,0.002538821,-0.32783878,0.3219803,-0.0003126563,-0.000658053,0.0005293897,-0.028169094,0.38135028,-0.3433152,0.3713783,0.00041665052,-0.23032421,0.24496606
P957_10,-0.00019264822,-0.0067217187,0.080405615,-0.00030271645,0.59192884,-0.36324203,-0.56503123,-0.30311045,-0.0008875992,-0.00044382943,0.00029168712,-0.00044119806,-0.9938837,-0.96139914,0.12754557
P957_11,1.0920801,0.10822241,-0.4080702,0.6815979,-0.10249613,-0.30484727,0.07949082,0.00031966984,0.0042897323,0.1821935,0.32106432,-0.22452436,0.7795859,0.07657098,-0.062340133
P957_2,-3.2777156e-05,-0.0005359514,0.0023472789,-0.00043004644,0.5111106,0.63172954,0.16204779,0.36087275,-0.48408765,0.35167292,0.88246185,0.27185124,0.030208062,0.29445237,0.4174032
P957_3,0.47031426,-8.962907e-05,0.08251559,0.62422514,0.4420535,-0.0003012503,-0.49816057,0.0006886829,0.0013251837,0.0010237793,-0.31078452,0.00023539508,-0.365721,0.43229523,-0.38753864
P957_4,-0.69235945,-0.38750458,0.20672208,-0.09056807,-0.3363548,0.00037255508,-0.0006932303,0.03273562,0.27242312,0.0009767034,-0.41015533,-0.00063566485,0.00092794304,0.00018352184,0.00029463094
P957_5,-0.5290017,-0.45427164,0.18366998,0.00018770334,-0.00023317401,6.9963615e-05,0.27643985,-0.1587072,0.17976649,0.39587694,-0.10252803,0.47514775,0.4725392,-0.0003384548,-0.00078275846
P957_6,-0.00014839585,-0.0003390167,0.9801182,0.32250163,-0.0011184007,-0.00036898808,4.639098e-05,0.14747742,0.00077899586,-0.97689486,-0.35473076,-0.0053355806,0.6906275,-0.9242073,0.14749545
P957_7,2.4010307e-05,-0.0008149401,-0.30009818,-0.7454125,0.00014620776,-0.0010945175,-0.2787127,-0.0006629647,-0.81215155,0.45495096,-0.9538928,-0.15875565,0.7851794,0.0007985266,0.00046574624
P957_8,0.6983777,-0.5738832,-0.00065953296,-0.75286055,0.22617418,-0.6479066,0.32250652,0.40101373,-0.0006741762,-1.2464488,0.31655183,-1.1940826,1.5503587,-0.00030364929,1.0415199
P957_9,-0.9114825,0.011226717,0.27255967,0.12580948,-0.45437855,0.00040159657,0.38823304,0.00022276351,0.00020083439,-0.29681125,-0.00019823704,-0.29271594,-0.24805303,0.5629223,-0.55713177
P958_10,0.16734613,-0.00055394974,-0.03888204,-0.4586697,0.5333185,0.44619247,-0.0004372096,-0.00043980614,8.1734936e-05,-0.6828819,4.5833487e-05,-0.000672297,-0.00039389034,-0.00035829272,-0.00021633576
P958_11,-0.28893933,0.29903272,0.00020695868,0.00033188783,0.08185476,-0.001307375,0.42463252,-0.0010656577,-0.09641221,0.00063351943,0.0006873362,0.001964242,-0.23190227,-0.043621782,-0.31725156
P958_2,-0.00095272885,-0.49057776,0.5752127,-0.32021186,0.2815989,0.76105165,0.00038243152,-0.0006151707,0.47648913,-0.8960541,0.0005053776,-1.1809453,1.193245,-0.64612246,1.2641977
P958_3,1.0257261,0.0769722,-0.09554725,-0.4349813,-1.5030261,0.24201149,0.2933857,-0.4033469,1.0528116,0.39775747,0.2709773,-0.0027967342,-0.70841765,-0.31529507,0.8353495
P958_4,0.0016628391,-0.12356209,0.25857663,-0.013220489,-0.4927555,-0.4983822,0.6580176,0.5723132,0.02477274,0.73810613,-1.1955509,8.0092905e-06,-0.5569068,0.13763396,0.6583246
P958_5,-0.2941267,-0.24854062,-0.4002085,-0.70169157,0.92372435,-0.43887255,-0.00041108514,-0.33484817,-0.23965645,-2.6490312e-05,0.06414566,3.9813767e-05,0.7124217,0.0014178487,-0.030018702
P958_6,-0.8875057,-0.15127589,0.2565083,-0.11594916,0.24673186,0.00038174796,-1.0369309,0.00036411622,0.17167944,0.10220688,-0.00021814609,-0.49376133,-0.8486416,7.26424e-06,-0.23487025
P958_7,-0.0003038751,-0.34424284,0.45568144,0.37128475,0.15836805,-0.017279051,0.0006679495,0.0017296161,0.0008985982,0.2120815,0.000121667785,0.7176365,0.3286217,-0.534628,0.091464475
P958_8,-0.31875867,0.044933844,0.25165915,0.005063928,0.32465628,-0.00018772551,0.002572287,-0.00043018625,0.0022702513,0.5690232,-0.14618784,0.6111799,0.0004181179,-0.39468142,4.627728e-05
P958_9,0.4617969,1.2500342,0.7065804,-0.0003734843,0.60761636,0.26411393,-0.0010437734,0.16415794,-0.0007974201,-0.50174075,0.0006110832,-0.06294033,0.28151533,-0.0003261904,-0.0011310851
P959_10,0.53323305,-0.0009131959,-2.5225885e-05,0.59284824,0.052053086,0.00020374345,-0.00021001611,0.6717445,0.6488971,0.00013654011,-0.3455486,-1.1215842,-0.00042080623,-0.22584142,-0.001370072
P959_11,-0.03783927,0.0005207199,-0.0007033327,-0.34484857,-0.0017559387,-0.16035385,0.46880707,0.001819567,-0.005671579,0.13531373,0.84795004,0.0012442544,-0.00091252185,0.36719805,-0.0011099536
P959_2,-0.27401695,-1.9016836e-05,0.23416094,0.23457305,7.3693234e-05,0.00024148087,0.621237,0.000180624,-0.2571601,0.6189177,-0.0005640174,-0.0005333607,-0.00037400954,-0.00065994664,5.8145e-05
P959_3,-0.22603472,0.0020957147,-0.00095964165,0.6477067,-0.055999056,0.046736352,-0.26687658,0.1349021,-0.01834052,0.00012587685,0.1097462,0.4238979,-0.0006573926,0.0003889142,-9.2247705e-05
P959_4,-0.19126233,0.014946602,-0.0052939267,-0.29959452,-0.00085620064,0.67352617,-0.00015124667,-0.00065116526,0.0011985496,0.5302813,-0.5005806,0.0006110951,-0.26164857,2.6417945e-06,0.13345352
P959_5,0.0008340833,-0.00041649336,-0.00013612302,-0.00013563746,0.42943305,0.0011910725,-0.0002617315,0.1339635,-0.518664,0.39431074,0.5454557,0.31557983,0.021428356,0.64665276,-0.00061211624
P959_6,-0.332387,-0.16666079,-0.18470626,-0.0005002064,0.21793152,-0.0009138957,-3.488323e-05,9.315022e-05,0.0062868292,0.17952497,-0.0006855368,-0.00019529351,-0.425409,-0.00021314013,-0.00011915152
P959_7,-0.2646783,0.022917524,-0.5184863,-0.91771436,0.08929772,-0.00037238016,-0.0006469755,0.00052343117,0.20038514,0.07039021,-0.00013272275,-0.0006855396,0.00032138347,-0.22310704,0.23139136
P959_8,-0.59845275,-0.24837226,0.0014411086,0.00043410427,0.00046710746,-0.4467141,-2.9649087e-05,0.0009171924,0.00028266574,-0.0004954733,-0.3680409,0.06401633,0.30698112,-0.017286763,9.4929645e-05
P959_9,-5.3524363e-05,-0.090112336,0.29509914,0.0011704157,0.34799218,-1.0471592,-0.5473267,-0.23820215,-0.5977133,-0.00075875875,-0.47937483,0.47665286,-6.83273e-05,-0.43057305,0.028304715
P960_10,-0.40928957,0.0015811991,-0.2814487,-0.65953857,-0.28016093,0.66827464,0.00011765288,-0.001194052,-1.2852083,0.3444467,-0.0021773279,-0.23915529,0.2722365,0.16414902,1.0210778
P960_11,0.23420401,-0.3803134,-0.3026089,-0.00014357772,0.5024161,-0.0110120885,0.52328104,0.51618993,-0.6350001,0.18982546,-0.00038287445,-0.0034220647,-0.40769792,1.2071232,0.3525343
P960_2,-0.00049704453,-0.15870756,0.3402766,-0.000121321056,-0.100392945,-0.0037355716,-0.0007279568,0.7792851,0.001211649,-3.330774e-05,-0.24694353,0.00052929384,0.7508156,-0.149217,-0.18601131
P960_3,-0.70407206,0.13634202,0.0010257047,-0.41331092,0.62823135,0.00046985378,0.51874274,0.00081727037,-0.046008505,1.2753347,0.0005196292,-0.0010177308,0.89551073,-0.0039484445,-0.001274797
P960_4,-0.8699209,0.36858296,0.09722036,0.21105419,-0.22994943,-0.5049985,0.24110253,-0.3869362,0.026329963,-0.17299137,-0.6411981,-0.0007822144,0.00052317895,0.41866,-0.33671317
P960_5,0.20206991,0.0004765248,-0.02365741,-0.0022759563,0.0008550168,0.6300811,0.00018855267,-0.2275165,0.00088091,0.14222617,0.6422808,0.83021474,-0.23015232,-1.7489576,-0.67280036
P960_6,0.4848106,-0.48772016,-0.29139426,0.33845913,0.08115471,-0.001648767,0.0006719479,0.0014775896,0.38337043,-0.2650867,-0.0005700902,-0.69997406,-1.543329,-0.19662744,-7.8756224e-05
P960_7,0.57395923,-0.00071958266,-0.90197134,1.2888217,0.0034605737,-0.18622966,-0.20677985,0.0001957511,-0.0005133056,-0.6907331,-0.00015134204,0.39316487,0.26084077,0.56102437,-0.0006359859
P960_8,-0.65119386,-0.41554558,0.30890036,0.1588728,-0.23978208,-0.8749793,0.0010654689,-0.20358124,-0.0002274488,-0.2637048,-0.26456317,-0.0003947304,0.00014628457,0.24303903,0.00053725234
P960_9,1.2767956,0.29317257,-0.17114139,0.5048428,0.16314267,-0.0024678796,-0.61624926,0.7005971,0.3602482,-0.55883914,0.1186575,-0.3856984,-0.033919726,-0.11336775,0.0067705302
P961_10,-0.00029613244,0.20357312,-0.002228002,0.14029878,-0.5519009,0.31333363,0.00082347926,-1.9823674e-05,0.5682713,0.84552413,0.46081695,-0.4442085,-0.44197682,0.5155807,-0.0008394921
P961_11,-0.5185309,-0.033160485,-7.710055e-05,0.45974138,0.5580675,0.06930925,0.18295489,-0.80519736,-0.002934194,0.16998783,-0.13020779,-0.003257696,0.00086840364,-0.000921183,-0.0005826814
P961_2,-0.05667782,-0.63140374,0.00041585762,-0.43333447,0.029432258,0.0005631494,0.0010243981,0.22304004,0.29013994,0.3344223,0.00081111805,-0.0018017333,-0.0006984837,0.0005573114,-0.765102
P961_3,-0.69026726,-0.003000081,0.47529858,0.23026171,-0.00011807266,0.0017491208,-0.26694888,0.0021553629,0.2372062,0.0008106491,0.27017337,0.5993182,-0.21558614,3.462813e-05,0.31896257
P961_4,0.11649138,0.34239155,-0.53060657,0.00081825844,-0.0046328288,0.24670832,7.554141e-05,-0.00072172284,0.00018781345,1.082804,-0.4596434,-0.00060762215,0.000696801,-0.00024079012,0.2975187
P961_5,-0.024803296,-0.2550522,0.00025922805,-0.000279345,0.0011982969,-0.00013943501,0.8158119,0.37386805,0.0011859538,-0.0013564843,-0.00019281541,-0.0005222323,-0.20063643,-0.0014928554,1.3445216
P961_6,-0.50024134,-0.14232004,-0.41891345,0.37322417,-0.002760723,-0.5533797,0.00038427263,0.0008696928,-0.0012853033,8.899591e-05,0.04451804,-0.0036495314,-0.23862238,0.23711559,-0.00051537785
P961_7,-0.3055096,-0.0006828871,-0.013787965,0.0016280783,-0.15241995,0.21692558,0.4017168,0.00014669908,0.00022550159,0.00034686728,0.024342239,0.113720335,-0.0020310853,0.51908344,0.0008943094
P961_8,1.2790048,0.5008605,0.00053063483,0.00054194283,1.0927795e-05,0.6419581,-0.20289819,0.7752358,0.17061281,-0.7766592,0.0016517964,-0.13712113,0.5621639,0.010160411,-0.0010722987
P961_9,0.00038789012,-0.0004874119,0.49108937,0.31576267,-0.2119518,-0.0009944614,-0.45873913,0.9328924,0.078691214,-0.18257487,-0.84391326,-0.24734499,0.0027435017,0.35707417,0.0011087509
P962_10,-6.687109e-05,-0.00235516,-0.031791408,0.00048123192,-0.002718045,-0.085584655,0.22148041,0.00041511675,0.42924544,-0.66860175,0.1093157,0.8227529,-0.26137426,-0.00070684025,-0.0013451297
P962_11,0.32507533,-0.0008571749,0.0011198132,-0.6756784,-0.26312,4.660306e-06,0.3073706,-0.0005396659,-0.51285017,-0.0014662175,-0.7130433,-0.0005528795,-0.6131464,0.22965053,0.23849645
P962_2,-0.00054384576,0.674238,-0.00083683606,-1.7547709e-05,-0.47060987,-0.0002634033,-0.55368304,-1.3097594,0.41966397,0.9604264,0.6248183,0.26429522,0.8472359,0.0015572242,-0.00056054676
P962_3,0.0028784748,0.73094213,0.0006457989,-0.00020433175,-5.3351552e-05,-0.12037608,0.38765574,0.30065125,0.0020730307,-0.1757605,-0.51018757,0.3738723,-0.72986895,0.59964895,0.46570662
P962_4,-0.0007868732,0.0004746143,-0.25241697,-0.842788,0.0008195328,0.051960073,0.0035380735,-0.00070064986,-0.51408005,0.42817423,-0.2777681,0.10746303,0.5244966,-0.8400178,-0.71185356
P962_5,0.8254683,0.8341111,0.07566064,0.30997112,0.31476602,0.10588,-0.5237342,0.58673346,0.5628607,-0.3209799,-5.921639e-05,-0.6198057,-0.040401805,0.00041829544,-0.3613461
P962_6,0.00023724549,-0.24979116,-0.0001829159,0.37148976,-0.0008171735,-0.00035365616,0.00014567396,0.85786,-0.28854787,-0.10930153,1.1003,0.0023086173,0.52288663,0.23940901,0.38456938
P962_7,-0.8317583,-0.802074,-0.5861748,-0.07496611,0.37635776,-0.53888315,-0.001377687,0.14334108,0.05744002,0.714996,0.42764485,-0.6409403,0.8042157,0.000625396,0.0003346359
P962_8,-6.9663024e-06,-0.008425064,-0.00021302103,0.0015588484,0.4102515,0.059562225,0.00014173656,0.0006664025,-0.0004254762,0.00049463456,0.00015498881,-1.0187435,-0.00069508894,0.20570578,0.00011241627
P962_9,0.0010609397,-0.0016364171,-0.0001917126,0.2650218,-0.00796428,-0.0007309107,0.041866317,-0.48396224,-0.0003306009,-0.009750717,0.00059192005,-0.5397462,-0.57159245,0.0003191401,-0.00062185206
P963_10,-0.032379963,0.31176427,1.6642624,0.43958974,-0.00062178983,0.7806038,-0.37320864,0.40576062,-7.36653e-05,0.0009875303,-0.69060516,-0.75500077,1.0027987,-0.18909808,0.7147232
P963_11,0.18071896,-0.00043801882,-0.34867328,-0.2353802,0.41458553,0.00034783786,-8.372589e-05,0.008039914,7.6267693e-06,0.18410611,-2.243295e-05,-0.00018721579,0.0001288141,-0.00952867,0.00060682156
P963_2,-0.0006709138,0.0003529805,-3.4718705e-05,0.003599866,0.00092146103,-0.6355917,-0.0017629472,-0.0006689238,-0.12933958,0.38370022,-0.0010081085,0.00034077532,-0.34934264,0.20337369,0.0012245945
P963_3,-0.39331552,-0.4583774,0.5892962,-0.6269071,-0.121407755,-0.0004331984,-0.00065092405,0.041958783,-0.29526842,8.010178e-05,0.4607791,-0.00063359895,-0.1458155,0.00070268655,-0.58594894
P963_4,0.104262285,0.17971553,-0.466806,-0.00026164006,0.4145257,0.06824697,-0.0013500628,-0.1293495,-0.5546444,0.73653686,-0.75918263,0.1798352,0.00019164658,0.003633188,0.45437747
P963_5,-0.39515945,0.5149301,-0.0009748295,0.10836474,0.0719924,0.0010208552,-0.39511517,0.001145106,0.12288942,-0.24270049,-0.00076170365,0.27350083,-0.9156308,0.2718199,0.0014625544
P963_6,-1.703741e-07,-9.120472e-05,-0.6814232,-0.5876322,0.0009526945,-0.4521304,-0.4326836,-0.007585371,-0.00092647295,-0.45165908,-0.11731172,2.5592042e-05,0.00059960346,-0.00093723444,-0.2293669
P963_7,0.6279722,0.5509743,-0.2227242,-0.0011474781,-0.93890244,0.00022152641,-0.0048984457,-1.0475682,0.64690703,0.009342275,1.6315504,0.43515342,0.048613682,-0.23563504,0.53279316
P963_8,0.19289902,-0.2576329,-0.35387906,-0.42755806,-0.021375464,-0.28822324,0.67277765,0.0017212973,0.00030590894,-0.0006850404,-0.21057138,0.0001306611,-0.00025215966,-0.3220115,-0.12966362
P963_9,-1.0095567,-0.0007162723,0.29283383,-0.12255152,0.00062054757,0.13540502,-0.0005915372,-0.3764688,0.6359816,-0.6956045,-0.30693656,-0.0009413748,-0.30854228,-0.00051966356,0.4766624
P964_10,-2.2216565e-05,0.0010079145,-0.6540323,0.6240552,0.313224,0.0021868942,-0.41115376,-0.40331152,-0.007460496,-0.15228093,-0.56491685,-0.49761397,-0.317133,0.5126948,0.0014015067
P964_11,-0.00032235176,0.50313747,-0.30328536,-0.00019652703,-0.00033264907,0.23050979,0.18771273,-0.001024276,9.85234e-05,-0.1263032,0.092168584,0.53478813,-0.3679942,-0.29902712,-0.00046131542
P964_2,-0.61838394,-0.3496424,0.77137196,-0.0054348386,-0.55023485,-0.22347893,0.0005614576,0.48186526,0.35726568,0.64981496,0.0001315315,-6.0563023e-05,0.0004922466,-0.1707584,0.0010740955
P964_3,-0.012688822,-0.00010719648,0.6398682,-0.0009168066,0.24485156,-0.00073912414,0.5194212,-0.00042695933,-0.0004940134,0.09406435,0.0009446051,0.4714199,0.003973139,-0.20009488,0.44091624
P964_4,0.0006704373,0.0002217083,-0.0067603015,0.00033815493,-0.0014424571,0.09688715,0.6545207,-0.0019364025,0.0015088394,0.12621407,-0.38034448,0.14898986,-0.4682264,0.0706189,-0.0012813826
P964_5,-0.022147868,0.00010388727,0.5073295,0.5574017,0.083735384,0.0004506833,-0.00057512824,0.31004095,-0.2067329,-0.11209575,-0.15730132,0.0043426496,-0.14728613,-0.0008041217,0.006444602
P964_6,-0.6830855,-0.049212523,-0.07061513,3.08532e-05,0.35969108,-0.14627269,-0.42568997,-0.13526632,0.21653093,0.0006753091,-0.0009138035,8.629521e-05,0.0006070586,0.30096167,0.0011312452
P964_7,-0.00052070763,0.5551159,3.4798373e-05,0.00013221946,-0.27921566,-0.16262047,-0.8725684,-1.3506434,-0.00040603633,1.0460106,-0.009258549,-0.1456423,0.0647173,0.3383943,-0.00064999104
P964_8,0.00079906755,-0.00014983205,-0.44782606,-0.46568406,0.19136973,-0.38901138,0.17331429,-0.11583577,-1.0853149,-0.41548482,-0.00029364435,-0.07352855,-0.00071973243,-0.00024620703,-0.25694475
P964_9,0.005947787,-0.64418954,-0.13582397,0.005093101,0.0005722803,-0.23262145,-0.005339342,0.020161396,0.00090421404,-0.0019101002,0.0014900336,0.9019251,0.20926952,-0.8221879,-0.20902812
P965_10,-0.93012315,5.430805e-05,-0.3617435,0.5225426,-0.8851659,0.08082342,0.0018930857,0.3961096,5.6007833e-05,0.00039457445,0.38700786,-0.000293206,-0.0015508712,-0.0013998946,0.053192772
P965_11,0.28727207,0.52361673,0.74250346,0.60452145,-0.00080640224,0.79022264,0.27677163,-0.001249813,0.32160917,0.0006322965,-1.0145012,-0.4097507,0.7724222,0.31778544,0.004016206
P965_2,-0.0008196413,0.5932426,0.3701004,0.00016925267,-0.00039591998,-0.46998858,-1.4704617,-1.1209728,-0.00038039766,0.9020038,-0.00031864608,-0.7545998,0.00037789127,-0.05927581,1.0795407
P965_3,-0.46535128,0.00049553066,-0.1856082,0.001436562,-0.30508947,-0.00025051422,0.0017205839,-0.16578917,-0.16687629,-0.0017748935,-0.50649166,0.27109447,-0.014067078,0.31872746,-0.32491198
P965_4,0.4941719,-0.33526707,-0.33554798,0.000394877,0.040055994,-0.14564985,-0.0008272052,0.19581892,-0.16777128,-0.00089745526,0.6927399,0.56828445,-0.0028219668,-0.5030672,-0.37378228
P965_5,-0.8569326,-0.000519011,-0.22162156,-0.45658335,-0.00018243911,-0.0016056711,-0.18936092,0.29428992,0.00281298,-0.0008123353,-0.20388904,0.1517398,-0.08620205,-0.0005719317,0.00015992712
P965_6,-2.4169132e-05,-0.078567825,-0.21788277,-0.71009433,-0.0008850284,-0.3103053,0.2641656,0.3783052,0.00023097897,-0.0007708612,0.09724551,-0.39607972,0.00016509059,0.7416594,-0.000408629
P965_7,0.30594343,-0.39319196,0.0007916371,0.00017054654,-0.0017986401,0.5287444,0.31874347,-0.002316123,-0.02361182,-0.6614298,0.87938327,0.65588546,0.03997511,-0.21782072,0.6228936
P965_8,-0.38177183,0.2769044,-0.45625305,0.29910013,0.16824144,0.0026603725,-0.0010656827,-0.10811135,0.1986641,-0.0010998072,0.22954357,0.19982693,-0.43053296,-0.00010558698,-0.0014241112
P965_9,0.36815757,-0.00020102202,-0.23143339,0.3595469,0.06013103,-0.00026632266,-0.00632018,4.7066238e-05,0.036625877,0.006967556,-2.9261568e-05,0.1266575,-0.6783516,-0.6799444,-0.004303408
P966_10,6.1304736e-06,0.17071292,0.7944075,0.57859945,0.12810037,0.12581438,-1.3662931,-0.000534188,-0.004239172,-0.6227923,0.81469053,0.0009658033,-0.60977256,-1.3629217,-0.3444582
P966_11,-1.0413412,-0.018248703,-0.00010248805,-0.00062157866,0.031250738,-0.5406634,0.32907996,2.1880882e-05,-0.00070501544,0.042369526,-0.4987857,-0.00055594457,0.5860961,0.15700008,-0.0008664934
P966_2,-0.3533912,-0.10914067,0.012023148,0.0004095764,-9.814277e-05,-0.7740185,-0.0006018141,0.079010464,4.81948e-05,-0.0002923298,-0.001000038,-0.0004925962,0.00016418238,-0.34473532,0.49272954
P966_3,0.20929883,0.74765235,-0.61841005,-0.43055063,-0.52084666,0.12632935,-0.56685257,-1.2081938,0.13139799,-0.0002914431,0.789886,0.66336054,0.81493145,0.0038508696,-0.00047181835
P966_4,0.06603924,-0.03878447,0.00024171025,0.00156096,-8.630869e-06,0.26840317,0.75212556,-0.48311028,0.00073233905,0.169734,0.00030399841,-0.00042754805,0.0010947917,0.25316218,-0.13964508
P966_5,0.0005176122,0.35700062,0.00029612213,-0.13998185,0.5203246,-0.50321,-0.40836325,0.13056909,0.21893509,0.24204537,-0.00013611425,0.14101844,-0.8285194,-0.03671344,-0.009481896
P966_6,-0.107745655,-0.15137441,-0.00046126987,0.91077244,-0.0006927097,0.0002547695,-0.0010531856,-0.61201566,-0.44157976,-0.43123358,-0.2725655,1.2058445,0.7765317,0.30356833,-0.7141857
P966_7,0.75804776,0.0012757494,-0.4936677,0.00019163956,-0.72099125,0.0007760191,-0.00016831375,-0.8900271,0.0006964874,-0.00048016975,-0.03495573,0.0013289356,0.0026039076,0.30289882,0.040016245
P966_8,0.98305964,-0.0009480304,0.70581883,-0.21403447,0.00043513966,0.11966433,-0.489406,0.20438708,-0.035910293,-0.93304765,-0.8747651,-0.25526026,1.4395624,0.06934305,1.439733
P966_9,9.6262316e-05,-0.32024112,-0.51330245,-0.33242646,0.70396525,0.00029992822,-0.00021905916,-0.1945896,7.9257436e-05,-3.4417344e-06,0.17380026,0.00047920356,-0.49968326,0.0012087673,0.47838953
P967_2,-0.31382966,0.00082755793,-0.20235297,8.154698e-05,0.31412962,-0.00016743415,0.00013964789,-0.651041,0.21758169,-0.0029741335,-0.0012374318,-0.00018096481,0.00057710457,0.00030366873,0.00066621107
P967_3,-0.21402116,0.3159014,-0.00065128546,0.0003496409,0.00047628142,0.0009289647,0.05739235,0.3787675,-0.2932008,-0.00025413057,-0.2402948,0.33143854,-0.57451296,0.00044439168,-0.0003554989
P970_10,-9.020733e-06,1.5411868,0.0007141409,0.55624104,-0.22472239,0.0375799,0.76672244,0.002309139,-0.035727315,0.47035712,1.459877,0.6760317,-0.00019673927,-1.8190193,-0.00047835236
P970_2,1.1563286,-0.17595743,0.7916618,-0.017342653,-0.016793184,-0.0010942733,-0.9198392,-1.3311166,0.0011217872,-0.6627665,-0.52428174,-1.5063463,0.51252323,1.8150061,0.0016082895
P970_3,-0.0009455796,-0.00043473733,-1.0926588,-0.22156997,0.04143762,0.32432956,-0.9252282,1.4801003,-0.00029517701,-0.0015082415,-0.25821188,0.00023448213,0.41020885,0.0012033774,0.01577665
P970_4,0.00069191615,0.00023911444,0.1553887,-0.20561668,-0.00084047875,0.65539944,-2.104436e-05,-0.114677355,-0.00011589139,0.00069814257,-0.12426906,0.4123256,0.0011542907,0.0001792665,-0.6485908
P970_7,-0.001357967,-1.46711,-0.86857253,-0.5671302,-0.43608066,0.62824017,0.0005330849,1.1322701,0.99307704,-0.083569765,-0.5051485,-0.58328956,-0.1083298,-0.28076512,-0.12022562
P970_9,1.3489536,-0.00017185663,1.2561564,1.6887053,0.2652519,-1.1812918,0.80349463,0.12448127,-0.0061065177,0.000788849,-0.35595793,-0.0016347446,1.1948179,1.2339023,0.00065463356
